Date,base_cir_ZC050YR,base_cir_ZC075YR,base_cir_ZC100YR,base_cir_ZC200YR,base_cir_ZC500YR,base_cir_ZC1000YR,base_cir_ZC2000YR,base_cir_ZC3000YR
2024-04-29,0.04814370537502888,0.047663664109620814,0.04719661204154796,0.04545055661364672,0.041203053181914764,0.03646073500393967,0.03157553274363502,0.029329842516173255
2024-04-30,0.04815531592893142,0.04767503987299415,0.04720775936695254,0.04546084993339251,0.04121126902323889,0.03646663134997307,0.031579039709062645,0.029332251101586933
2024-05-01,0.048101581134010564,0.047622391711927475,0.047156168439460265,0.04541321142878391,0.04117324529479664,0.036439342475768896,0.031562809125265365,0.029321103929424448
2024-05-02,0.04792905406031822,0.04745335350907412,0.04699052471154758,0.04526025780148702,0.04105116196669098,0.0363517256975205,0.03151069735800195,0.029285313544517053
2024-05-03,0.04765289559642137,0.047182779567020765,0.04672538419489979,0.04501542991530213,0.04085574716230384,0.03621148037616404,0.03142728375055807,0.029228025041867726
2024-05-06,0.04786850646104133,0.047394030313300785,0.04693239279146253,0.04520657941504413,0.04100831737267838,0.03632097698390829,0.03149240896804466,0.029272753070169685
2024-05-07,0.04777341506502959,0.04730086187112745,0.04684109527513246,0.045122276275638556,0.040941028953238603,0.03627268542259341,0.031463686631360545,0.02925302655657501
2024-05-08,0.04771872072019943,0.04724727356432743,0.04678858308107783,0.04507378708344766,0.0409023262296456,0.03624490924706416,0.03144716621570974,0.029241680327766764
2024-05-09,0.04774856272237869,0.0472765120966341,0.046817234471167285,0.04510024346725708,0.04092344297883406,0.03626006431827398,0.0314561799863543,0.02924787098944986
2024-05-10,0.04776909709043773,0.047296631215327435,0.046836949575601826,0.04511844818151822,0.04093797347506021,0.03627049256663057,0.03146238238801969,0.029252130801669093
2024-05-13,0.04768014681384552,0.04720947970584743,0.04675154816527087,0.04503958944263935,0.040875030624585265,0.036225319733796155,0.03143551497519812,0.029233678250607267
2024-05-14,0.047647330206947426,0.04717732672176742,0.04672004084883809,0.04501049592732481,0.040851808990429464,0.03620865402847861,0.03142560272580763,0.029226870513322328
2024-05-15,0.047542739266833604,0.04707485083683408,0.046619622793540635,0.04491777098085451,0.040777798518997224,0.03615553818404549,0.03139401105377364,0.029205173338934638
2024-05-16,0.04748746919205786,0.04702069844259407,0.04656655783954858,0.04486877137611424,0.040738688398313766,0.03612746962772119,0.031377316739010716,0.029193707676138943
2024-05-17,0.047531224667922,0.04706356908803408,0.04660856759479229,0.04490756272986696,0.04076965057718817,0.03614969056814459,0.03139053307153137,0.029202784659185535
2024-05-21,0.04730294774449926,0.046839908418074054,0.046389398279606364,0.044705184154038645,0.04060811763082368,0.03603376158290935,0.03132158207357827,0.029155429083159563
2024-05-22,0.04715767188823108,0.046697570354047375,0.04624991852206476,0.04457639005407898,0.04050531776499945,0.03595998416229307,0.03127770153095491,0.029125291906991712
2024-05-23,0.04703513736481333,0.0465775137439007,0.04613227278205113,0.04446775724981973,0.040418610084248095,0.035897755783081055,0.03124069000326004,0.029099872373328336
2024-05-24,0.04695079292778576,0.04649487493394069,0.046051293451219506,0.04439298181133588,0.04035892641049678,0.035854921996606996,0.031215213783335378,0.02908237529416615
2024-05-27,0.047092902269353254,0.04663411051704738,0.046187733029105324,0.044518968642273976,0.04045948559232352,0.03592709132285054,0.03125813788084212,0.029111855583403005
2024-05-28,0.0470736153161763,0.04661521358780737,0.04616921557120185,0.044501869821869815,0.040445837789793354,0.03591729656621654,0.0312523122605863,0.029107854544823255
2024-05-29,0.047046747918715874,0.04658888950727403,0.04614342010745571,0.04447805056956552,0.04042682592557223,0.035903652129114456,0.031244196968687667,0.029102280958742014
2024-05-30,0.046871534105277494,0.046417218896367345,0.04597519683316841,0.0443227150170382,0.04030284141104446,0.03581467090715584,0.031191273672234388,0.029065933215226495
2024-05-31,0.046535115907076534,0.046087603802260645,0.04565220077640429,0.0440244639506851,0.04006478571118994,0.03564382306258471,0.031089658624389265,0.028996143955223527
2024-06-03,0.046561215664609516,0.046113175766207305,0.04567725922690054,0.04404760265292356,0.04008325437929046,0.03565707765862673,0.031097542050805088,0.02900155829598816
2024-06-04,0.046492703801085423,0.0460460493608473,0.04561148079434789,0.0439868635595476,0.040034774125526584,0.03562228434401642,0.031076848056463557,0.028987345651480995
2024-06-05,0.04582898312882185,0.045395750557100566,0.044974240713162084,0.0433984429588732,0.03956511317974971,0.03528521801746235,0.030876371363381776,0.028849658169609767
2024-06-06,0.045396705894681706,0.044972214904233844,0.044559210126818,0.04301520820304869,0.03925922586433481,0.035065688770516266,0.030745802113369726,0.028759983150695514
2024-06-07,0.04545159214949373,0.04502599124018052,0.04461190657418511,0.04306386753275604,0.039298064386957966,0.03509356240631053,0.030762380495391227,0.028771369190832907
2024-06-10,0.04544967304967513,0.04502411094871386,0.04461006404106038,0.043062166157591446,0.03929670639665645,0.03509258780366038,0.030761800831684182,0.028770971077541393
2024-06-11,0.04563477022717931,0.045205465060673876,0.044787776360940015,0.04322626379221642,0.039427684561237,0.03518658822926726,0.03081770939622875,0.028809369104508226
2024-06-12,0.0455388152362492,0.045111450487340526,0.04469564970470381,0.04314119503398678,0.03935978504616154,0.03513785809675981,0.03078872621087646,0.028789463439932366
2024-06-13,0.04553727995639432,0.0451099462541672,0.04469417567820404,0.04313983393385511,0.03935869865392034,0.035137078414639686,0.030788262479910823,0.028789144949299152
2024-06-14,0.04553296198180247,0.0451057155983672,0.044690029978673405,0.04313600583973477,0.039355643175741944,0.03513488555867685,0.03078695823656997,0.028788249194393236
2024-06-17,0.04544305215530095,0.04501762394315386,0.044603707301780086,0.043056296413273604,0.03929202133011625,0.03508922542451737,0.030759800991894876,0.028769597586685656
2024-06-18,0.04526572733206211,0.04484388501163383,0.04443345724105559,0.04289908934806524,0.039166543026256814,0.0349991721396436,0.03070624006536385,0.02873281191854947
2024-06-19,0.04525095026345888,0.044829406767340506,0.044419269735995213,0.042885988759297874,0.0391560865009352,0.03499166769923745,0.030701776654819594,0.028729746446204785
2024-06-20,0.045366767937511515,0.04494288235735384,0.0445304666100723,0.04298866675048104,0.039238041215631264,0.03505048496917394,0.030736759359539807,0.028753772583347846
2024-06-21,0.045123042260549036,0.044704085341087156,0.04429646490323236,0.04277259210457777,0.03906557644733962,0.03492671043260501,0.030663142068744997,0.02870321219532516
2024-06-24,0.04526236890737956,0.04484059450156717,0.04443023280808732,0.0428961119415272,0.03916416654322918,0.03499746658500583,0.030705225653876518,0.02873211522028931
2024-06-25,0.04535256659885386,0.04492896820050051,0.04451683186494935,0.04297607657426306,0.0392279920874001,0.03504327290956284,0.03073246984810767,0.028750826544990622
2024-06-26,0.045337501665277835,0.04491420791248718,0.044502367979920264,0.042962720779221,0.03921733186353325,0.03503562227875917,0.03072791948800736,0.02874770135565221
2024-06-27,0.045327330436239245,0.04490424236771384,0.04449260255435923,0.04295370349084866,0.039210134514935255,0.03503045688471338,0.03072484727036002,0.02874559135520717
2024-06-28,0.045394786794863105,0.04497033461276718,0.044557367593693276,0.043013506827884095,0.0392578678740333,0.03506471416786612,0.030745222449662678,0.028759585037403997
2024-07-02,0.04520652310265823,0.044785878019887156,0.04437661509415785,0.042846601924237546,0.03912464902545527,0.03496910564788649,0.030688357440001486,0.028720530123506158
2024-07-03,0.04515883347216597,0.04473915277694049,0.04433082814600846,0.04280432275139742,0.03909090296646277,0.03494488677203029,0.0306739527968814,0.028710637008211956
2024-07-04,0.045134077084506,0.04471489701702048,0.04430705946869951,0.042782375011774176,0.0390733848915733,0.03493231439784337,0.03066647513506051,0.028705501346751382
2024-07-05,0.04531380078251809,0.04489098631287384,0.04447961269582992,0.04294170879593828,0.03920056068330961,0.035023585936029826,0.030720760641225343,0.028742784656501975
2024-07-08,0.045182246489952914,0.044762092332833826,0.04435330705013009,0.04282507952840545,0.039107470448141175,0.03495677692436211,0.030681024694107356,0.028715493990368466
2024-07-09,0.04512601686526787,0.04470699979286049,0.044299320829575675,0.04277522923608289,0.03906768133230697,0.03492822106671274,0.030664040547490917,0.028703829270927014
2024-07-10,0.04495972686598599,0.0445440725372738,0.04413966533431834,0.04262780507807092,0.03895001147268121,0.034843771747077326,0.0306138126872754,0.028669332754217045
2024-07-11,0.0449476365371288,0.0445322267010338,0.044128057375632586,0.042617086414533996,0.03894145613378171,0.03483763175038138,0.030610160805921015,0.02866682464048049
2024-07-12,0.04487096849937564,0.04445710905694047,0.04405444817729986,0.04254911647670852,0.03888720442123642,0.03479869637450793,0.03058700324082454,0.02865092001448438
2024-07-15,0.04455143837957838,0.04414404052774043,0.04374766641203331,0.04226583751180382,0.03866109903603518,0.0346364250332581,0.030490489233601415,0.02858463415144676
2024-07-16,0.04411292407102778,0.043714393927607044,0.043326647593033875,0.041877073286694384,0.038350798252140376,0.03441372832769904,0.030358036076541462,0.028493665264335076
2024-07-17,0.044090854423113855,0.04369277057574037,0.043305458462099544,0.04185750747230157,0.03833518136367302,0.03440252039722232,0.030351369943910432,0.02848908696148263
2024-07-18,0.04389654556648038,0.04350239106474035,0.043118901983221235,0.041685243236886556,0.03819768484564524,0.03430384187889472,0.030292678993572054,0.02844877799071651
2024-07-19,0.043858835255044845,0.043465443337420355,0.04308269620732041,0.04165181121490231,0.03817100033622058,0.034284690936819295,0.030281288601728608,0.028440955064538198
2024-07-22,0.04374675982563848,0.043355634315767,0.04297509227283653,0.04155245090529009,0.038091693702612464,0.034227774142050596,0.03024743624123713,0.028417705248313593
2024-07-23,0.04369024233598064,0.043300259732073666,0.04292082967231341,0.041502345406692835,0.03805170088823302,0.034199072094003705,0.03023036514506463,0.02840598081187841
2024-07-24,0.04335823806736247,0.04297496930834029,0.04260207144173615,0.0412080075032183,0.03781676856607197,0.034030465835527914,0.030130083323745716,0.028337107212445933
2024-07-25,0.04333367358968436,0.04295090157756696,0.04257848701773968,0.04118622990111151,0.03779938629021265,0.034017990921606,0.03012266362829553,0.028332011362314512
2024-07-26,0.043063080515261455,0.04268578048076693,0.0423186898471536,0.040946336002903934,0.03760790965769989,0.03388057194793498,0.03004093104560208,0.028275877388210587
2024-07-29,0.04327322194539839,0.04289167239636695,0.04252044722431088,0.041132636583426835,0.03775660959571512,0.0339872909381263,0.03010440422152359,0.028319470793631722
2024-07-30,0.043030167953372424,0.04265353348211359,0.04228709040406458,0.04091715741883117,0.03758462012402901,0.03386385751248492,0.030030989813026245,0.028269049745261066
2024-07-31,0.042931622177687194,0.04255698051530024,0.04219247632811,0.04082979180412933,0.03751488732204652,0.03381381166639976,0.030001224081669442,0.028248606627741656
2024-08-01,0.0424892696694994,0.04212357333223354,0.04176777244286112,0.04043762482869071,0.0372018705575487,0.0335891657555404,0.0298676115971954,0.02815684151404694
2024-08-02,0.04213241305823032,0.041773933134006826,0.041425153408318684,0.04012125411683469,0.0369493522609831,0.03340793839274518,0.02975982313087024,0.028082812347489314
2024-08-06,0.04198397068726144,0.041628492589060144,0.04128263347112128,0.03998965274785344,0.036844311711161384,0.03333255287775615,0.02971498614313025,0.028052018284390457
2024-08-07,0.04192994802736778,0.04157556238427347,0.041230766163660296,0.039941759036970156,0.03680608428417391,0.03330511781315445,0.029698668609776914,0.028040811395234247
2024-08-08,0.04182343798743536,0.04147120620787346,0.04112850557523812,0.039847332715335256,0.036730715822440155,0.033251027366071176,0.029666497274035874,0.02801871610755504
2024-08-09,0.04182794787200908,0.04147562489282013,0.04113283552808122,0.039851330946972054,0.0367339070996487,0.03325331768229902,0.02966785948374743,0.02801965167379011
2024-08-12,0.04175118387926499,0.04140041323415345,0.041059134203092255,0.039783275940388343,0.036679587487588344,0.03321433357629306,0.029644672935465598,0.02800372714212942
2024-08-13,0.04161339251228936,0.041265408306846774,0.04092684032473708,0.03966111720357059,0.03658208378394,0.03314435710601236,0.029603053081299714,0.027975142607798483
2024-08-14,0.04164832012898792,0.04129962961154011,0.040960374427607055,0.03969208223156617,0.036606799207427466,0.033162094874245075,0.029613602960767947,0.0279823882697041
2024-08-15,0.04145007711772631,0.04110539550303342,0.04077004075582306,0.03951633017706375,0.03646651880928158,0.03306141842048467,0.02955372369983012,0.02794126316669037
2024-08-16,0.04141083152643589,0.041066943542540084,0.040732360953422454,0.03948153705494782,0.036438747907615726,0.03304148779628912,0.029541869577021033,0.02793312174987884
2024-08-19,0.041499302028073455,0.041153624979153425,0.04081730173047223,0.03955997045003554,0.03650135126051529,0.033086416978461,0.029568592073915843,0.027951474772617783
2024-08-20,0.041369858745308734,0.04102679931972674,0.04069302287120959,0.039445212695183765,0.03640975481467851,0.03302068002970844,0.029529493756875608,0.02792462203110495
2024-08-21,0.04139269603315011,0.041049174788180084,0.04071494901539381,0.039465459059642424,0.03642591489926647,0.033032277801245215,0.029536391754989455,0.027929359579274005
2024-08-22,0.04135450594675993,0.04101175698799341,0.040678282606211806,0.03943160169386703,0.03639889089226644,0.033012883208507246,0.029524856447219243,0.02792143712477281
2024-08-23,0.04132456798958973,0.040982424441113406,0.04064953908946611,0.03940506024129938,0.0363777062435629,0.03299767940716492,0.029515813693389327,0.027915226557425142
2024-08-26,0.041208078630600574,0.04086829074908673,0.040537697328795363,0.0393017867688086,0.0362952762322613,0.03293852102630087,0.029480628106371653,0.02789106108063005
2024-08-27,0.04105589401498542,0.040719183635780046,0.04039158445200475,0.0391668677182564,0.03618758760135164,0.03286123503614404,0.02943466077440292,0.027859490696612733
2024-08-28,0.04095159093984439,0.0406169897945667,0.040291442776676,0.03907439797806078,0.03611378082846463,0.032808265382108445,0.029403156051924985,0.027837853239218776
2024-08-29,0.04076610994237649,0.040435259624313345,0.04011336195017142,0.038909960068402895,0.03598253106582379,0.03271407003597153,0.02934713155463901,0.027799375589593635
2024-08-30,0.040656049567779656,0.0403274249087,0.0400076926754685,0.0388123862027135,0.035904650322032244,0.03265817657398549,0.029313887841039936,0.027776543792325123
2024-09-03,0.040342468657420055,0.040020185283046635,0.03970662276288859,0.03853438150081905,0.03568275470676567,0.03249892650095112,0.029219170791308657,0.02771149208049121
2024-09-04,0.039843022929628845,0.03953083942884659,0.039227103517179174,0.0380915986142338,0.035329337730797966,0.032245286161249824,0.029068313311550003,0.027607883096373857
2024-09-05,0.03984340674959256,0.03953121548713991,0.03922747202380412,0.038091938889266715,0.03532960932885827,0.03224548108177986,0.02906842924429141,0.02760796271903216
2024-09-06,0.0398253672112977,0.03951354074735325,0.03921015221243171,0.03807594596271954,0.03531684422002408,0.032236319816868454,0.029062980405445183,0.027604220454091898
2024-09-09,0.039854825393513246,0.03954240322136659,0.039238435095896224,0.038102062071496044,0.035337689371152246,0.032251279967548244,0.029071878243348337,0.027610331493116688
2024-09-10,0.039718377396410626,0.03940871449808657,0.039107430990728345,0.037981094297293495,0.035241136260714956,0.03218198571912264,0.02903066415377738,0.027582025638089813
2024-09-11,0.03972806885049457,0.039418209969993234,0.0391167357830082,0.03798968624187469,0.03524799411173758,0.032186907462505895,0.029033591455497963,0.027584036110211978
2024-09-12,0.03978122791546985,0.03947029404361991,0.039167773950563055,0.038036814333933903,0.03528561044308938,0.03221390395591502,0.029049648140183126,0.027595063848387
2024-09-13,0.03976117332236546,0.03945064499779324,0.03914851947940969,0.03801903496346391,0.03527141944443861,0.032203719358220965,0.0290435906544445,0.027590903564490645
2024-09-16,0.039560627391321525,0.03925415453952655,0.03895597476787603,0.03784124125876397,0.03512950945793092,0.032101873381280385,0.02898301579705822,0.027549300725527096
2024-09-17,0.039525219999668314,0.03921946316196655,0.038921980031724875,0.03780985088697724,0.03510445453686808,0.03208389196238513,0.028972321001663227,0.027541955535298604
2024-09-18,0.03938953964249314,0.0390865265552732,0.038791712939806884,0.037689563662840535,0.03500844462255139,0.032014987555019594,0.02893133877757509,0.02751380892558834
2024-09-19,0.03929233723668094,0.038991289792486526,0.038698388637039616,0.03760338901075391,0.034939662413779965,0.03196562393078954,0.028901978810813224,0.027493644487372994
2024-09-20,0.03922238604829289,0.03892275316852652,0.038631228304643425,0.03754137388600451,0.03489016366728996,0.031930099664191615,0.028880850068691406,0.02747913325789719
2024-09-23,0.039156081149560186,0.03885778909835317,0.038567568785184206,0.03748259137406783,0.03484324510237282,0.031896427142628955,0.028860822687612975,0.02746537844367527
2024-09-24,0.03904985897460055,0.03875371496567316,0.03846558457673073,0.037388420258707616,0.034768080339184305,0.031842482885943206,0.028828738301427993,0.02744334287298979
2024-09-25,0.03895553521851625,0.03866129864008648,0.038375024073650545,0.03730479766936789,0.03470133511586514,0.031794581165688375,0.028800247830226687,0.02742377560471172
2024-09-26,0.03886524157205102,0.03857283092657981,0.03828833289013228,0.0372247479678738,0.03463744167217914,0.03174872611099886,0.02877297465281019,0.027405044374345836
2024-09-27,0.03877859421524114,0.038487935766859806,0.038205142519551,0.03714793087919244,0.03457612841006601,0.031704722801344634,0.028746802836437074,0.027387069559233833
2024-10-01,0.038586108503435336,0.03829934253275311,0.03802033644714117,0.036977282950183786,0.03443992198282465,0.03160697015553468,0.028688662566620383,0.02734713879609466
2024-10-02,0.03854705482212679,0.03826107860140644,0.037982840898053045,0.03694265996558433,0.03441228688018895,0.03158713699160415,0.028676866410182,0.027339037190612283
2024-10-03,0.038512511025391945,0.03822723335500644,0.03794967530180801,0.03691203521262166,0.034387843054761794,0.03156959414390147,0.028666432463455183,0.027331871151364973
2024-10-04,0.038543408532471436,0.03825750604761977,0.03797934008511606,0.0369394273527716,0.03440970669861608,0.03158528524656886,0.028675765049138612,0.0273382807753584
2024-10-07,0.0385821743488072,0.038295487935246446,0.03801655925423549,0.036973795131096374,0.034437138102706565,0.031604972220101876,0.028687474256020938,0.02734632266384705
2024-10-08,0.038353225740447965,0.038071169163273084,0.037796745052455914,0.036770821073960465,0.03427512985973655,0.03148870212393909,0.02861832037577038,0.027298827748169045
2024-10-09,0.03825439209978995,0.03797433415273974,0.03770185459653263,0.03668320025298394,0.03420519335920884,0.03143851008745641,0.02858846769485752,0.027278324913655908
2024-10-10,0.03776684479087406,0.03749664610563302,0.03723375905619649,0.03625096589241915,0.03386019592311047,0.031190912284186034,0.028441204130082547,0.027177184231945963
2024-10-11,0.03744213310156658,0.03717850078947299,0.03692200245149319,0.035963093214570065,0.03363042396409516,0.03102600951578081,0.02834312503085041,0.02710982346302125
2024-10-15,0.03674847447213281,0.03649886943884625,0.03625601885356169,0.03534813116132802,0.03313957836961473,0.030673739387884424,0.028133605583938716,0.02696592541380235
2024-10-16,0.036576715038367916,0.036330583352579555,0.036091112138898894,0.03519585808409697,0.03301803823762968,0.03058651245069608,0.02808172568215812,0.02693029427421156
2024-10-17,0.036485173977020585,0.036240893449619546,0.03600322330884955,0.035114702488745896,0.032953262100247696,0.030540023904283963,0.028054075723332038,0.02691130427020619
2024-10-18,0.0362844361359948,0.036044214962206195,0.03581049434400342,0.0349367386465295,0.03281121631470986,0.030438080467078372,0.027993442899575054,0.026869661619913488
2024-10-21,0.03593400850911804,0.035700873740392824,0.03547404779542882,0.03462606754147487,0.03256324728565432,0.030260118023161153,0.0278875963066685,0.026796966132882447
2024-10-22,0.03561793276899426,0.035391189735832794,0.035170582589786774,0.034345851051866445,0.0323395862829958,0.030099600966681593,0.027792125694118062,0.02673139687376956
2024-10-23,0.034902492356619366,0.03469021707705938,0.03448368624088966,0.03371157839050628,0.031833327498593245,0.029736269098706015,0.027576027064131405,0.026582980238691944
2024-10-24,0.03460915794934603,0.034402814526379354,0.0342020550527756,0.03345152319659828,0.0316257586810076,0.029587301083630724,0.027487425466509462,0.02652212862208354
2024-10-25,0.034681987787461975,0.034474171587539355,0.03427197918485887,0.033516090384094574,0.031677294412949863,0.029624287254203886,0.02750942370419185,0.02653723702149662
2024-10-28,0.03468860868183616,0.03448065859309936,0.034278335924139175,0.03352196012841242,0.03168197947949007,0.029627649633346898,0.027511423543981155,0.026538610512352352
2024-10-29,0.03461232446404672,0.03440591700729935,0.03420509523243139,0.03345433046561986,0.031627999365005086,0.029588909178003477,0.027488381911626086,0.026522785509014542
2024-10-30,0.03461549097874741,0.034409019488219346,0.034208135412087184,0.033457137734641436,0.03163024004900258,0.029590517272376216,0.02748933835674271,0.026523442395945545
2024-10-31,0.03466116555443014,0.03445377042512602,0.034251987700455615,0.03349763046355874,0.031662560218178495,0.029613712815449767,0.027503134352970398,0.026532917492283654
2024-11-01,0.03469455789127382,0.034486487496646026,0.03428404777682582,0.033527234391422654,0.03168618924942475,0.02963067090156236,0.027513220501472996,0.026539844663556057
2024-11-04,0.0346674026288406,0.03445988137239269,0.034257975933110967,0.03350315993284367,0.0316669736866584,0.02961688027406275,0.027505018260018298,0.026534211360481084
2024-11-05,0.0346485954506183,0.03444145451601935,0.03423991910848867,0.03348648645623066,0.031653665381703604,0.02960732916809129,0.02749933755568925,0.026530309850224216
2024-11-06,0.03460464806477231,0.03439839584143268,0.03419772509993249,0.033447524964961485,0.031622567403799054,0.029585010767402876,0.0274860632567979,0.026521193055848474
2024-11-07,0.03456166022883562,0.03435627731257934,0.034156452357938676,0.03340941416127461,0.031592148421045255,0.029563179668039542,0.027473078789760075,0.02651227531811849
2024-11-08,0.03454841844008726,0.03434330330145934,0.03414373887937808,0.03339767467263892,0.03158277828796484,0.029556454909753505,0.02746907911018146,0.02650952833640702
2024-11-12,0.034525485197254964,0.03432083381843267,0.03412172060853763,0.033377343239422035,0.03156655030386181,0.02954480840808422,0.027462152128882266,0.02650477088257339
2024-11-13,0.03457547774752955,0.03436981541113934,0.034169718596436686,0.03342166406245967,0.031601925951216116,0.029570196807120606,0.027477252368450805,0.026515141733817412
2024-11-14,0.03452260654752706,0.03431801338123267,0.03411895680885054,0.03337479117667514,0.031564513318409544,0.029543346504109003,0.027461282633321694,0.026504173712636116
2024-11-15,0.034551009224842374,0.034345841694939344,0.03414622629909646,0.03339997152911112,0.03158461157487188,0.02955777062333121,0.027469861656185972,0.026510065789350567
2024-11-18,0.03446724051776039,0.034263766972419334,0.034065799728202256,0.03332570650317665,0.03152533529821101,0.029515229217652206,0.027444559335373424,0.026492688144175842
2024-11-19,0.034436055145708105,0.03423321223608599,0.03403585856492549,0.03329805915675201,0.03150326795581149,0.02949939192458728,0.027435139800133936,0.026486218803188688
2024-11-20,0.03438040125096865,0.03417868378355266,0.033982425104308496,0.033248719276978825,0.03146388623706773,0.029471128447732954,0.027418329552629607,0.02647467351773469
2024-11-21,0.03422716113045325,0.0340285425099393,0.033835298834299275,0.033112864470086094,0.03135545071149223,0.029393306426118548,0.027372043405622,0.026442884171407038
2024-11-22,0.0341881074491447,0.03399027857859264,0.03379780328521115,0.03307824148548663,0.03132781560885653,0.029373473262188015,0.027360247249183622,0.026434782565924665
2024-11-25,0.03391290853515715,0.03372064478227261,0.03353358403512573,0.03283426428688404,0.03113307979962014,0.02923371524215664,0.027277123473593255,0.026377693119921095
2024-11-26,0.03392950874858806,0.033736909303459274,0.03354952194665459,0.032848981182057764,0.031144826415728195,0.029242145555080423,0.027282137564659203,0.02638113679989272
2024-11-27,0.0337843288473108,0.03359466525400592,0.03341013431576921,0.03272027215085632,0.03104209444941904,0.029168416864596647,0.027238286005221192,0.026351019529389442
2024-11-28,0.03375400707017689,0.033564956648832585,0.033381022292398574,0.03269339042325576,0.031020638202655198,0.029153018142724297,0.02722912731864987,0.02634472933938347
2024-11-29,0.033488595565264206,0.033304912338992555,0.03312619996124924,0.032458090237992586,0.030832828143956503,0.02901823059620867,0.02714895982796544,0.02628967027116664
2024-12-02,0.0334350526803252,0.03325245220707255,0.03307479328706944,0.03241062187090044,0.030794940214544403,0.02899103918226951,0.027132787210538866,0.02627856291033331
2024-12-03,0.03338707518486015,0.033205444920405884,0.03302872995895135,0.03236808749178563,0.03076099045700668,0.02896667411601579,0.02711829561786272,0.02626861007804538
2024-12-04,0.03326857077106146,0.033089336922339195,0.03291495353849963,0.03226302757537203,0.030677134555888497,0.028906492402369078,0.027082501383952646,0.02624402658229419
2024-12-05,0.03277584189263535,0.03260657208827248,0.03244188315872674,0.03182619950186284,0.030328470545976066,0.0286562631719433,0.026933672727168644,0.026141810994697146
2024-12-06,0.032118646159755036,0.03196266627551241,0.03181090769016501,0.031243563576748068,0.02986342676722432,0.02832251049439975,0.02673516689069083,0.02600547709801708
2024-12-09,0.03148409580473422,0.031340947902059005,0.031201674112475007,0.03068100387857548,0.029414407274030375,0.028000258128127953,0.026543501085956146,0.02587384093817691
2024-12-10,0.0310968214613403,0.03096150508408563,0.030829850927905706,0.03033766637036067,0.02914036483118586,0.027803583313327867,0.026426524949874314,0.025793501675948738
2024-12-11,0.031155066140834874,0.03101857193009897,0.030885771808241078,0.030389303106606057,0.029181579836836658,0.02783316250375989,0.02644411774338315,0.025805584414346282
2024-12-12,0.031190089712524367,0.031052887249365644,0.03091939803776729,0.030420353203359875,0.0292063631598392,0.027850949002125112,0.026454696606036738,0.025812849981916474
2024-12-13,0.031208896890746667,0.03107131410573898,0.030937454862389586,0.030437026679972886,0.029219671464793984,0.027860500108096577,0.026460377310365785,0.025816751492173343
2024-12-16,0.03125437955644754,0.03111587701349898,0.030981122897445545,0.03047734927137373,0.029251855834939743,0.027883598190905107,0.02647411534022277,0.0258261867771823
2024-12-17,0.031197958021780634,0.031060596444378977,0.03092695242357866,0.030427328841534707,0.029211930920075384,0.027854944872990728,0.026457073227235627,0.025814482246411696
2024-12-18,0.03103934442177316,0.030905190354658958,0.03077466706082022,0.030286710184181116,0.029099693021655666,0.027774393963955903,0.026409164021848293,0.025781578182867797
2024-12-19,0.031017370728850167,0.030883661017365626,0.03075357005654213,0.03026722943854653,0.02908414403270339,0.027763234763611692,0.02640252687240262,0.025777019785679926
2024-12-20,0.031025814768052013,0.030891934299818957,0.03076167720229091,0.030274715489270736,0.029090119190030028,0.027767523015272348,0.026405077392713618,0.025778771484162598
2024-12-23,0.031076479003263116,0.030941573994538965,0.03081032007678363,0.03031963179361599,0.029125970133989865,0.02779325252523629,0.02642038051457963,0.02578928167505866
2024-12-24,0.031117835604353994,0.030982094275645633,0.030850026665621432,0.03035629642841296,0.029155234824987386,0.027814255212347,0.02643287226746647,0.02579786101649085
2024-12-27,0.031073792263517072,0.030938941586485632,0.030807740530409015,0.030317249868385555,0.02912406894756775,0.027791888081526078,0.026419568985389764,0.02578872431645053
2024-12-30,0.03110516954555122,0.030969684351965635,0.030837865946998253,0.030345067352326647,0.02914627208899743,0.027807822834856017,0.026429046486999962,0.02579523346876684
2024-12-31,0.03114076884718629,0.031004563758672304,0.030872044936461885,0.030376627861629844,0.029171462809090415,0.027825901714016284,0.02643979924876566,0.025802618470324484
2025-01-02,0.031092119666784723,0.030956898369992297,0.03082533672175013,0.030333498001207417,0.029137037754947165,0.027801195536835,0.026425104773792053,0.02579252629838452
2025-01-03,0.030964691438829538,0.03083204701660562,0.030702992522268456,0.03022052669027846,0.02904686719892697,0.027736481920865103,0.026386615103644213,0.02576609157582778
2025-01-06,0.030929955732112838,0.03079801374105895,0.03066964267271095,0.030189731799799332,0.029022287574469657,0.027718841612897404,0.026376123190546684,0.025758885725251316
2025-01-07,0.030875453297264537,0.03074461346340561,0.03061731473196879,0.0301414127451249,0.028983720649906803,0.02769116289763317,0.02635966074126659,0.025747579307772227
2025-01-08,0.030848489944813175,0.03071819536829894,0.030591427141566416,0.03011750842406237,0.028964640886170602,0.027677469730398575,0.02635151646618259,0.02574198581602641
2025-01-09,0.03078986144535488,0.030660752463992264,0.030535137754606097,0.030065531412784063,0.0289231542824595,0.02764769561943652,0.026333807739932345,0.02572982345497056
2025-01-10,0.03101286084427645,0.030879242332418955,0.030749240103699026,0.030263231206909734,0.029080952755494844,0.02776094444738384,0.026401164662691063,0.025776084219444863
2025-01-13,0.031184044548095768,0.031046964331245642,0.03091359405842441,0.030414993871591408,0.029202085490389447,0.027847879003777144,0.02645287066535954,0.025811595925048194
2025-01-14,0.030971120423221855,0.03083834599301895,0.03070916500823628,0.030226226297079845,0.029051416466437018,0.0277397468397431,0.026388556977062817,0.02576742525535436
2025-01-15,0.03078199313609861,0.03065304326897893,0.030527583368794728,0.03005855577460923,0.02891758652222331,0.02764369974857091,0.026331431118733456,0.025728191190475338
2025-01-16,0.030521667245705226,0.03039798173152557,0.030277643750425916,0.029827764233532228,0.02873337513782362,0.027511494899078188,0.026252799736872702,0.02567418712248103
2025-01-17,0.03035249859669544,0.030232234038738887,0.030115224455481496,0.02967778801277338,0.028613668292745604,0.027425583675467546,0.026201702381096613,0.025639093435833784
2025-01-20,0.030293294367291564,0.030174227046992214,0.030058382308583757,0.029625300588945695,0.028571774291944053,0.027395517183710444,0.026183819755734257,0.025626811640790483
2025-01-21,0.030102631800313435,0.029987420089778855,0.029875326642642426,0.029456268966343405,0.02843685795548913,0.027298690410418137,0.02612623016643926,0.025587259085278247
2025-01-22,0.030093132256211352,0.029978112647018856,0.029866206103675044,0.029447847159278673,0.02843013590349666,0.027293866127299893,0.026123360831089383,0.025585288424485233
2025-01-23,0.03004678599559211,0.02993270360809885,0.029821708928712956,0.029406758949053757,0.02839734043771522,0.027270329473298792,0.026109361952564226,0.025575673988495095
2025-01-24,0.029763430907375498,0.029655078573045487,0.029549658912847457,0.02915555090600164,0.02819683316969742,0.02712642939200428,0.02602377460621892,0.02551689256100258
2025-01-27,0.029514523660902795,0.029411204769818792,0.02931068236657075,0.028934882547153963,0.028020701827591706,0.027000023428279944,0.025948592223415085,0.025465257267092797
2025-01-28,0.02923001711279502,0.02913245155988543,0.029037526830830416,0.028682653679003092,0.027819379765392997,0.026855538585395345,0.025862657078845552,0.02540623697162537
2025-01-29,0.02885473714326736,0.028764760563578726,0.028677219478290637,0.028349949765566984,0.027553824761932917,0.02666495503715869,0.02574930384093276,0.02532838591746918
2025-01-30,0.028665034126198537,0.028578893752098707,0.02849508507891167,0.028181768830546995,0.027419587420628756,0.026568615565191456,0.02569200408349128,0.025289032418602704
2025-01-31,0.0284160309247349,0.028334925934298677,0.028256016405978725,0.027961015402941086,0.027243388179007965,0.026442160871334608,0.025616792717502095,0.025237377219028346
2025-02-03,0.027601948781683854,0.027537306294138586,0.027474413854470796,0.02723929205812085,0.026667328693107856,0.026028734427141365,0.025370899372973283,0.025068497560766744
2025-02-04,0.028082587331252774,0.028008225291965307,0.02793587627555793,0.0276654014680931,0.027007437364120777,0.026272823660871202,0.025516076148402893,0.02516820503462723
2025-02-05,0.028044397244862587,0.027970807491778635,0.027899209866375917,0.027631544102317704,0.026980413357120748,0.026253429068133237,0.025504540840632684,0.025160282580126037
2025-02-06,0.027964082917454086,0.027892117293898625,0.027822099855106218,0.0275603415516795,0.0269235814630026,0.026212641947224495,0.02548028191449282,0.025143621538876042
2025-02-07,0.028453933146152296,0.028372061690765348,0.028292406435192024,0.027994617562441794,0.027270208487462765,0.026461409273675053,0.025628241075716245,0.02524523995653581
2025-02-10,0.02821826768842795,0.028141161898658656,0.028066143367475916,0.027785688692229808,0.027103447278437463,0.026341728068236748,0.025557058372491025,0.025196351644337495
2025-02-11,0.028176143447409627,0.028099889500965314,0.028025699765388223,0.027748343507366994,0.02707363939131934,0.02632033554006597,0.02554433475412137,0.025187613057588692
2025-02-12,0.02829138539151669,0.02821280100353866,0.0281363438795279,0.027850511086000788,0.027155186708924955,0.026378860429207424,0.025579143559729473,0.025211519760744303
2025-02-13,0.028301844485528072,0.028223048592031997,0.02814638568505765,0.02785978358064782,0.02716258775606818,0.026384172013650738,0.02558230272693287,0.02521368947818307
2025-02-14,0.02840211745105004,0.02832129382116534,0.028242658040824476,0.02794868043299779,0.027233542749322028,0.026435095002121024,0.025612590155626013,0.025234490897664844
2025-02-18,0.02861513753091488,0.028530006173965367,0.028447179217668844,0.028137533076267585,0.027384279672789523,0.026543275896287577,0.02567693282710809,0.025278681473023257
2025-02-19,0.02867741232002852,0.028591021632058705,0.028506969417566138,0.028192742700358618,0.027428346458073488,0.026574901752284913,0.025695742914401725,0.02529160024933299
2025-02-20,0.028548160947245663,0.028464384001778687,0.028382874811615975,0.028078155083023297,0.027336885811266858,0.02650926226379737,0.025656702563732193,0.025264787319149305
2025-02-21,0.02848540638317737,0.028402898470818685,0.0283226239784375,0.028022520115141114,0.027292479528407514,0.026477392757137497,0.0256377475605118,0.02525176901451669
2025-02-24,0.02852090972982151,0.02843768386295202,0.02835671084124489,0.02805399555568608,0.02731760234898543,0.026495422906165255,0.025648471339092142,0.02525913411040976
2025-02-25,0.02818545108152985,0.02810900891457865,0.028034636051043133,0.02775659517691527,0.02708022564428166,0.026325062362919194,0.025547146123100543,0.02518954390705255
2025-02-26,0.02821222252399935,0.028135238980538654,0.028060339388133036,0.02778032936046134,0.02709916960898771,0.026338658069888776,0.025555232431813835,0.02519509758746922
2025-02-27,0.02810014709459298,0.02802542995888531,0.027952735453649152,0.027680969050849123,0.027019862975379588,0.02628174127512007,0.025521380071322364,0.02517184777124461
2025-02-28,0.028025590066640287,0.0279523806354053,0.027881153041753624,0.027614870625704696,0.026967105052165964,0.026243877962161776,0.025498860136303637,0.025156381069869168
2025-03-03,0.027977900436148024,0.027905655392458626,0.027835366093604232,0.02757259145286457,0.026933358993173468,0.02621965908630557,0.02548445549318355,0.025146487954574966
2025-03-04,0.027137238760609333,0.0270819937154852,0.027028244458318876,0.026827304062014723,0.026338491341597454,0.025792734395407763,0.025230533806312155,0.024972094427225852
2025-03-05,0.027213522978398772,0.02715673530128521,0.027101485150026656,0.026894933724807283,0.02639247145608244,0.025831474850751192,0.02525357543866722,0.02498791943056366
2025-03-06,0.02729038292613379,0.02723204097452522,0.027175278601671852,0.026963073800149222,0.02644685896765787,0.02587050768688966,0.025276790970134404,0.025003863867888925
2025-03-07,0.027171302782389523,0.02711536888901854,0.027060949421282728,0.026857503471186244,0.02636259566944924,0.025810033592447913,0.025240822837112216,0.02497916093815028
2025-03-10,0.02692968811522751,0.02687864019336518,0.026828974500879975,0.02664330033796402,0.026191624690489256,0.02568733111879414,0.025167843176395154,0.024929038474748262
2025-03-11,0.02649904211593318,0.026456702788245134,0.026415510067691907,0.02626151175102941,0.02588689166683065,0.025468630284100686,0.025037766640534087,0.0248397018521318
2025-03-12,0.026401359935166326,0.026360995952591792,0.02632172513164345,0.02617491175515164,0.025817769960483832,0.0254190230092081,0.025008261757845457,0.024819437885593577
2025-03-13,0.026381593207034724,0.026341628950485124,0.026302747040458794,0.026157387590956337,0.025803782660378295,0.02540898460191156,0.025002291221662885,0.02481533731869095
2025-03-14,0.026344266715562913,0.02630505728145845,0.026266909771182914,0.026124295844005007,0.025777369749013946,0.025390028580366163,0.024991016762560846,0.02480759401517094
2025-03-17,0.026327666502132002,0.02628879276027178,0.02625097185965405,0.02610957894883128,0.02576562313290589,0.025381598267442372,0.0249860026714949,0.024804150335199317
2025-03-18,0.026446458780903476,0.026405182802058464,0.026365024660074468,0.02621489407151957,0.025849682732569296,0.025441926171486596,0.025021883854961034,0.024828793547944226
2025-03-19,0.026409708019377243,0.026369175220471792,0.026329740150736,0.02618231273711762,0.0258236772182954,0.025423262530736245,0.025010783294971105,0.024821169678411675
2025-03-20,0.026403183079993998,0.026362782229485127,0.026323475538111943,0.026176528061558006,0.02581906005127027,0.02541994888172574,0.02500881243836715,0.02481981609322052
2025-03-21,0.02635242288979197,0.026313048520191784,0.02627474053696299,0.026131526688454525,0.025783141207795356,0.025394170641629292,0.02499348033331579,0.024809285996659887
2025-03-24,0.026462771129361597,0.026421165279525132,0.026380686191634622,0.02622935576041861,0.025861225650132123,0.025450210294012864,0.025026810996470923,0.024832177510922128
2025-03-25,0.026380441747143563,0.02634050077560512,0.026301641520583962,0.02615636676585758,0.02580296786619739,0.02540839984032147,0.02500194342343866,0.024815098450716038
2025-03-26,0.026416616778724214,0.026375944269751792,0.02633637326998501,0.026188437687710155,0.025828565983380836,0.02542677110027678,0.025012870084316473,0.024822602886261137
2025-03-27,0.026336878181261292,0.026297818159311783,0.026259816018652724,0.026117745549621325,0.025772141486353133,0.025386276360163086,0.024988785057288722,0.024806061278998596
2025-03-28,0.026312985388519696,0.026274408530551782,0.026236876481249914,0.026096563428822148,0.02575523450709935,0.025374142557168734,0.024981568244136,0.024801104768519208
2025-03-31,0.026206955123541927,0.026170522427018436,0.02613507652610891,0.026002562450978397,0.025680205542940975,0.025320295760747992,0.024949541824321724,0.02477910900916288
2025-04-01,0.02611570192716739,0.026081114567778427,0.026047464076028284,0.025921662061902013,0.025615633104104224,0.02527395340473341,0.024921978815051697,0.02476017872215124
2025-04-02,0.026007464697398227,0.025975066129058418,0.02594354520779385,0.025825704502618983,0.02553904245109912,0.025218985815264994,0.024889285781974316,0.02473772513250967
2025-04-03,0.025964093041497816,0.025932571541911743,0.025901903959175084,0.025787253423899186,0.025508351870285013,0.025196959795371628,0.024876185382195083,0.024728727772121376
2025-04-04,0.025539492206632083,0.0255165570549117,0.025494243505329896,0.025410824168733047,0.02520789651607615,0.02498132895902614,0.02474793478701121,0.024640645206373196
2025-04-07,0.025568758478865767,0.02554523149977837,0.025522342135481938,0.025436770139993084,0.025228605868174166,0.02499619164944091,0.024756774658543656,0.024646716434068832
2025-04-08,0.025584495097378306,0.025560649889805036,0.025537450907104676,0.025450721416342744,0.025239741388646535,0.025004183391172136,0.02476152790094143,0.024649980963059273
2025-04-09,0.026270189462564864,0.026232478030845108,0.026195787992568564,0.026058622762651727,0.025724951323375694,0.0253524089180704,0.024968641743468876,0.024792226842118372
2025-04-10,0.026154851563466877,0.026119472513698432,0.026085051751772653,0.025956370115259707,0.02564333610625501,0.025293835298796447,0.024933803954675433,0.02476830023329819
2025-04-11,0.026277290131893696,0.026239435109271778,0.026202605365130045,0.026064917850760722,0.02572997588749128,0.02535601494787596,0.02497078649918495,0.024793699861296987
2025-04-14,0.026242842290149785,0.02620568387744511,0.02616953189554125,0.026034378166556283,0.025705599961579194,0.02533852083030578,0.024960381535643478,0.024786553727714256
2025-04-15,0.026156386843321756,0.026120976746871763,0.026086525778272432,0.025957731215391376,0.025644422498496217,0.025294614980916563,0.024934267685641064,0.0247686187239314
2025-04-16,0.026339948740971057,0.02630082662565845,0.026262764071652286,0.026120467749884673,0.025774314270835548,0.025387835724403323,0.02498971251921999,0.024806698260265027
2025-04-17,0.02641556127382398,0.026374910109445125,0.026335359876766412,0.02618750193136963,0.025827819088715002,0.025426235068819202,0.025012551269277594,0.024822383923950805
2025-04-21,0.026425444637889782,0.02638459361049846,0.02634484892235874,0.02619626401346728,0.02583481273876777,0.025431254272467462,0.025015536537368883,0.024824434207402116
2025-04-22,0.02646603359905322,0.026424361775018463,0.026383818497946653,0.026232248098198418,0.02586353423364469,0.025451867118518122,0.025027796424772895,0.024832854303517705
2025-04-23,0.026532242542794994,0.026489231830618475,0.02644738589074963,0.026290945541376867,0.025910384899046752,0.025485490909948262,0.025047794822665982,0.024846589212075047
2025-04-24,0.02646027629959741,0.02641872090061846,0.02637829089857248,0.026227143972704637,0.025859460262740157,0.025448943310567674,0.02502605743365176,0.024831659963643154
2025-04-25,0.02649174953662249,0.0264495576806718,0.026408508441817954,0.02625504652540396,0.025881731303684912,0.02546492679403012,0.02503556391844731,0.024838189021624036
2025-04-28,0.026445883050957898,0.026404618714618463,0.026364471900137052,0.026214383658970192,0.025849275335478844,0.025441633790691552,0.02502170995584892,0.024828674113956773
2025-04-29,0.026480138982719947,0.026438181917298464,0.026397361116413373,0.026244753205658174,0.02587351546236078,0.025459030447996717,0.025032056953019688,0.024835780436210358
2025-04-30,0.02639416331084657,0.02635394485959179,0.02631481563242574,0.02616853159828442,0.025812677496853183,0.025415368249270036,0.02500608801894404,0.024817944960750387
2025-05-01,0.026364033443694514,0.02632442428356512,0.02628588786236757,0.02614182000820031,0.025791357049119484,0.025400066987662694,0.024996987298743417,0.024811694582073565
2025-05-02,0.026398961060393075,0.026358645588258456,0.02631942196523755,0.0261727850361959,0.02581607247260695,0.02541780475589541,0.025007537178211647,0.02481894024397918
2025-05-05,0.026373820852769382,0.026334013770045118,0.026295284781303663,0.026150497021539734,0.02579828279965718,0.02540503746117846,0.02499994358364935,0.0248137249598603
2025-05-06,0.026329201781986885,0.02629029699344512,0.02625244588615383,0.026110940048962954,0.025766709525147098,0.02538237794956249,0.02498646640246054,0.02480446882583253
2025-05-07,0.026217414217553307,0.026180770015511768,0.026145118331638656,0.026011834945625426,0.0256876065900842,0.025325607345191303,0.024952700991525124,0.02478127872660165
2025-05-08,0.02618546120557358,0.026149463162591768,0.026114440155112,0.02598350704913496,0.025664996051564075,0.025309380211066324,0.02494304959080281,0.02477465014029789
2025-05-09,0.026073001956203493,0.026039278082645088,0.026006467714003174,0.025883806464489827,0.02558541781989565,0.025252268495767588,0.02490908129756993,0.024751320701414982
2025-05-12,0.026126352931160633,0.026091550185418432,0.0260576901348705,0.025931104694065503,0.0256231699502776,0.025279362449441733,0.0249251959486258,0.024762388250919157
2025-05-13,0.02610015721863671,0.026065884206898426,0.026032539557718018,0.025907880923068814,0.025604633382662,0.025266059123267192,0.024917283539024625,0.024756954004489948
2025-05-14,0.026100732948582294,0.026066448294338424,0.026033092317655434,0.02590839133561819,0.025605040779752453,0.02526635150406224,0.02491745743813674,0.0247570734384774
2025-05-15,0.025891551068354654,0.025861496524471738,0.02583225620706052,0.02572294144267758,0.025457019836887973,0.025160119815195992,0.024854274094068752,0.024713679089702026
2025-05-16,0.025868042095576776,0.025838462954005065,0.025809685176282647,0.02570209959691132,0.025440384455694492,0.02514818093273167,0.024847173213657443,0.02470880220188094
2025-05-20,0.0264159450937877,0.02637528616773846,0.026335728383391353,0.026187842206402544,0.0258280906867753,0.02542642998934923,0.025012667202019008,0.024822463546609105
2025-05-21,0.026331216836796414,0.026292271299485113,0.026254380545934788,0.026112726492885777,0.025768135414963683,0.02538340128234514,0.024987075049352936,0.02480488684478862
2025-05-22,0.02629792045494367,0.026259648242538448,0.02622241259622083,0.02608320763378009,0.025744574283232503,0.02536649192636506,0.02497701788403569,0.024797979579180795
2025-05-23,0.02629072383062391,0.026252597149538443,0.02621550309700311,0.02607682747691287,0.025739481819601846,0.025362837166427,0.02497484414513427,0.024796486654337608
2025-05-26,0.026267214857846034,0.026229563579071774,0.026192932066225243,0.026055985631146607,0.02572284643840836,0.025350898283962676,0.02496774326472296,0.024791609766516523
2025-05-27,0.02629734472499809,0.026259084155098446,0.02622185983628341,0.026082697221230716,0.02574416688614205,0.025366199545570012,0.02497684398492358,0.02479786014519334
2025-05-28,0.026401072070193536,0.02636071390887179,0.026321448751674744,0.026174656548876952,0.025817566261938613,0.025418876818810575,0.025008174808289402,0.02481937816859985
2025-05-29,0.02623852431555793,0.026201453221645108,0.02616538619601062,0.02603055007243595,0.025702544483400803,0.025336327974342942,0.024959077292302626,0.02478565797280834
2025-05-30,0.026243897795050014,0.026206718037751774,0.026170545288759846,0.026035313922896805,0.02570634685624502,0.025339056861763364,0.024960700350682354,0.024786772690024588
2025-06-02,0.026313273253492486,0.026274690574271783,0.02623715286121862,0.026096818635096834,0.02575543820564457,0.025374288747566254,0.024981655193692057,0.024801164485512936
2025-06-03,0.026276810356939042,0.026238965036405108,0.026202144731848863,0.026064492506969572,0.025729636389915905,0.02535577129721342,0.024970641583258187,0.02479360033297411
2025-06-04,0.02629907191483483,0.026260776417418447,0.026223518116095662,0.02608422845887885,0.025745389077413406,0.025367076687955147,0.02497736568225992,0.024798218447155705
2025-06-05,0.026496835151141786,0.026454540453058468,0.026413391154598474,0.02625955516959013,0.025885329977983908,0.02546750949105301,0.025037100027270987,0.024839244021846556
2025-06-06,0.026438686426638137,0.026397567621618462,0.026357562400919334,0.02620800350210297,0.025844182871848188,0.025437979030753493,0.025019536216947497,0.024827181189113586
2025-06-09,0.026646237072019966,0.026600921143738483,0.026556832358358238,0.02639200722615367,0.025991049522956382,0.025543382307367118,0.025082226846864498,0.02487023714159117
2025-06-10,0.026650842911584607,0.026605433843258485,0.026561254437857573,0.026396090526548694,0.025994308699680002,0.025545721353727478,0.025083618039761408,0.02487119261349081
2025-06-11,0.026611117545339548,0.026566511809898483,0.026523114002175788,0.026360872060641628,0.02596619830043877,0.025525547078869393,0.025071619001025558,0.024862951668356406
2025-06-12,0.026601522046246533,0.026557110352565142,0.026513901336552168,0.02635236518481866,0.025959408348931224,0.025520674065618643,0.02506872068249033,0.02486096110189882
2025-06-13,0.02655287286584497,0.026509444963885142,0.026467193121840416,0.02630923532439624,0.025924983294787974,0.025495967888437367,0.025054026207516723,0.024850868929958858
2025-06-16,0.026664948295251338,0.02661925398553849,0.026574797056324297,0.026408595634008453,0.026004289928396096,0.025552884683206073,0.025087878568008194,0.024874118746183463
2025-06-17,0.026655256841167395,0.02660975851363182,0.02656549226404444,0.026400003689427257,0.025997432077373473,0.02554796293982282,0.025084951266287615,0.0248721082740613
2025-06-18,0.02658885598744376,0.026544700428885144,0.02650174061792899,0.02634113610873235,0.025950445612941263,0.02551424168812766,0.025064894902023828,0.02485833355417481
2025-06-19,0.026576765658586566,0.02653285459264514,0.026490132659243226,0.026330417445195414,0.025941890274041757,0.025508101691431716,0.02506124302066944,0.024855825440438246
2025-06-20,0.02644041361647488,0.026399259883938462,0.026359220680731585,0.026209534739751104,0.025845405063119543,0.02543885617313863,0.025020057914283838,0.024827539491075953
2025-06-23,0.026537328157314292,0.026494214603005137,0.02645226860353015,0.026295454185563037,0.02591398357334575,0.02548807360697116,0.02504933093148965,0.02484764421229757
2025-06-24,0.026520823898874314,0.026478044096391803,0.026436422818657525,0.02628082235914754,0.025902304856752774,0.02547969202417988,0.02504434582360906,0.02484422043799052
2025-06-25,0.026566018699602394,0.026522324960431807,0.026479814473744773,0.026320889744273695,0.025934285528353307,0.025502643916590885,0.025057996903909984,0.02485359600600575
2025-06-26,0.026517945249146406,0.026475223659191804,0.026433659018970435,0.026278270296400646,0.02590026787130051,0.02547823012020465,0.025043476328048486,0.024843623268053245
2025-06-27,0.026418248013570025,0.02637754251749846,0.026337939423141027,0.02618988385660006,0.02582972027513712,0.02542759951252941,0.02501336279846746,0.024822941282558925
2025-06-30,0.026458165289796953,0.02641665258000513,0.026376264112135284,0.026225272460023586,0.0258579664734085,0.02544787124765251,0.025025419803574013,0.024831222039022483
2025-07-02,0.026489830436803887,0.026447677389205133,0.026406665908693228,0.026253345150239363,0.025880373313383397,0.02546395219137997,0.025034984254740267,0.024837790908332522
2025-07-03,0.026502976270561314,0.0264605573857518,0.026419287260597592,0.026264999570116826,0.025889675546948737,0.025470628219533487,0.025038954951133528,0.02484051798437941
2025-07-04,0.026372861302860085,0.026333073624311792,0.026294363514741303,0.02614964633395744,0.02579760380450643,0.02540455015985338,0.02499965375179583,0.024813525903214544
2025-07-07,0.026396658140610752,0.026356389238498455,0.026317210925487878,0.02617074338599839,0.025814442884245135,0.02541663523271523,0.025006841581763195,0.024818462508029358
2025-07-08,0.02641105138925027,0.02637049142449846,0.02633102992392331,0.026183503699732835,0.025824627811506455,0.025423944752591347,0.025011189059566043,0.024821448357715735
2025-07-09,0.026340044695961986,0.026300920640231786,0.02626285619830852,0.026120552818642902,0.025774382170350624,0.025387884454535832,0.024989741502405342,0.024806718165929602
2025-07-10,0.026364513218649164,0.02632489435643179,0.026286348495648752,0.026142245351991462,0.025791696546694866,0.02540031063832523,0.024997132214670183,0.024811794110396447
2025-07-11,0.0263684473732773,0.026328748953938455,0.026290125688554437,0.026145733171078878,0.02579448042681296,0.025402308573758036,0.024998320525269624,0.024812610242644053
2025-07-14,0.026558630165300776,0.026515085838285143,0.026472720721214586,0.026314339449890017,0.025929057265692494,0.025498891696387815,0.025055765198637857,0.02485206326983341
2025-07-15,0.026725687804510095,0.02667876521045849,0.02663311322972181,0.02646244415796781,0.026047270321438852,0.025583730857083292,0.02510622492433619,0.02488671903185998
2025-07-16,0.0266422069624009,0.02659697253165848,0.026552963038796316,0.02638843433830803,0.025988197743323217,0.025541335641801804,0.0250810095530797,0.024869401103678985
2025-07-17,0.02656237240994705,0.026518752406645144,0.0264763136608078,0.026317657131460972,0.025931705346780444,0.025500792171555604,0.025056895542866598,0.02485283959075187
2025-07-18,0.02647476550322786,0.026432917101191795,0.026392202023664144,0.02623998935519731,0.025869713089516556,0.0254563015605763,0.025030433894639957,0.02483466571899411
2025-07-21,0.026575230378731687,0.026531350359471812,0.02648865863274345,0.026329056345063745,0.02594080388180055,0.025507322009311606,0.025060779289703804,0.024855506949805036
2025-07-22,0.026575710153686333,0.02653182043233848,0.026489119266024628,0.026329481688854888,0.025941143379375926,0.02550756565997414,0.025060924205630563,0.024855606478127915
2025-07-23,0.026625126974015343,0.02658023793760515,0.026536564493986274,0.026373292099343155,0.025976111629639788,0.02553266167821548,0.025075850546086992,0.024865857895384483
2025-07-24,0.026716476125380806,0.026669739811418496,0.026624269070723138,0.026454277557177767,0.02604075196799161,0.025579052764362575,0.02510344253854237,0.024884808088060702
2025-07-25,0.02659816362156398,0.026553819842498477,0.0265106769035839,0.026349387778280622,0.02595703186590358,0.025518968510980882,0.025067706271003,0.024860264403638664
2025-07-28,0.02670496152646919,0.02665845806261849,0.02661321387197479,0.02644406930619021,0.02603260402618256,0.025573205148461682,0.0250999645563001,0.0248824194083116
2025-07-29,0.026771938110138407,0.026724080234805162,0.026677518278027657,0.026503447299434494,0.02607999788770522,0.02560721878095188,0.025120194819675996,0.024896313562185548
2025-07-30,0.0267473736324603,0.02670001250403183,0.026653933854031194,0.026481669697327712,0.026062615611845908,0.02559474386702998,0.025112775124225807,0.024891217712054128
2025-07-31,0.026725399939537303,0.02667848316673849,0.0266328368497531,0.02646218895169312,0.026047066622893626,0.025583584666685765,0.025106137974780136,0.024886659314866257
2025-08-01,0.026447898105767427,0.026406593020658464,0.02636640655991801,0.026216170102893014,0.025850701225295432,0.02544265712347421,0.025022318602741317,0.024829092132912865
2025-08-05,0.026485896282175753,0.026443822791698466,0.026402888715787547,0.02624985733115195,0.02587758943326531,0.02546195425594716,0.025033795944140826,0.02483697477608491
2025-08-06,0.026481386397602037,0.0264394041067518,0.026398558762944443,0.026245859099515156,0.02587439815605676,0.025459663939719313,0.025032433734429267,0.024836039209849843
2025-08-07,0.02648493673226645,0.026442882645965133,0.026401967449225183,0.026249006643569654,0.025876910438114555,0.025461466954622085,0.0250335061122873,0.02483677571943915
2025-08-08,0.026290244055669258,0.02625212707667178,0.026215042463721933,0.02607640213312172,0.025739142322026464,0.025362593515764465,0.02497469922920751,0.02479638712601473
2025-08-11,0.026421510483261648,0.026380739012991792,0.026341071729453054,0.026192776194379864,0.02583202885864968,0.02542925633703466,0.02501434822676944,0.024823618075154503
2025-08-12,0.026414505768923752,0.026373875949138457,0.026334346483547814,0.0261865661750291,0.025827072194049172,0.025425699037361617,0.02501223245423872,0.02482216496164047
2025-08-13,0.026405869819740038,0.026365414637538456,0.026326055084486554,0.026178909986788432,0.02582096123769238,0.025421313325435946,0.025009623967557015,0.02482037345182864
2025-08-14,0.026422086213207227,0.026381303100431793,0.02634162448939047,0.026193286606929243,0.02583243625574013,0.02542954871782971,0.02501452212588155,0.02482373750914196
2025-08-15,0.026326323132258984,0.02628747655624512,0.026249682086466747,0.026108387986216067,0.02576467253969484,0.025380916045587266,0.02498559690689997,0.024803871655895253
2025-08-18,0.026444923501048594,0.02640367856888513,0.02636355063357469,0.026213532971387895,0.02584859634032809,0.02544114648936648,0.025021420123995396,0.024828475057311016
2025-08-19,0.026405965774730974,0.02636550865211179,0.026326147211142792,0.026178995055546665,0.025821029137207456,0.025421362055568452,0.025009652950742367,0.024820393357493215
2025-08-20,0.02640539004478539,0.026364944564671793,0.026325594451205376,0.026178484642997286,0.025820621740117004,0.025421069674773412,0.025009479051630257,0.024820273923505762
2025-08-21,0.02642122261828886,0.026380456969271795,0.026340795349484348,0.026192520988105174,0.025831825160104453,0.025429110146637134,0.02501426127721338,0.024823558358160778
2025-08-22,0.026314520668374575,0.026275912763725113,0.02623835050774969,0.02609792452895382,0.025756320899340553,0.025374922239288843,0.024982031975101637,0.02480142325915242
2025-08-25,0.026488103246967144,0.026445985126885133,0.026405007628880976,0.02625181391259123,0.025879151122112042,0.02546307504899483,0.025034462557403925,0.024837432606370155
2025-08-26,0.026463730679270898,0.026422105425258465,0.026381607458196985,0.026230206448000906,0.02586190464528288,0.02545069759533794,0.025027100828324444,0.024832376567567885
2025-08-27,0.026496355376187136,0.0264540703801918,0.026412930521317293,0.02625912982579898,0.025884990480408532,0.025467265840390475,0.02503695511134422,0.024839144493523677
2025-08-28,0.026523222773647565,0.02648039446072514,0.02643872598506343,0.02628294907810328,0.025904002344629657,0.025480910277492563,0.025045070403242865,0.024844718079604918
2025-08-29,0.02648224999252041,0.0264402502379118,0.026399387902850572,0.026246624718339225,0.02587500925169244,0.02546010251091188,0.025032694583097436,0.02483621836083103
2025-09-02,0.026339948740971057,0.02630082662565845,0.026262764071652286,0.026120467749884673,0.025774314270835548,0.025387835724403323,0.02498971251921999,0.024806698260265027
2025-09-03,0.02623564566583003,0.026198632784445106,0.026162622396323533,0.02602799800968906,0.025700507497948537,0.025334866070367723,0.024958207796742057,0.024785060802871062
2025-09-04,0.02621405579287075,0.026177479505445102,0.026141893898670387,0.02600885753908739,0.02568523010705656,0.025323901790553542,0.02495168658003779,0.024780582028341495
2025-09-05,0.025774581934410852,0.02574689275957839,0.025719953813108588,0.025619242626395654,0.025374250328011,0.025100717783669402,0.024818943591124312,0.02468941408458405
2025-09-08,0.025577202518067617,0.0255535047822317,0.025530449281230723,0.025444256190717295,0.025234581025500802,0.025000479901101567,0.02475932517885466,0.024648468132551508
2025-09-09,0.025235218930392708,0.02521843684287166,0.025202109878404905,0.025141071136386868,0.024992587153771905,0.024826805708845,0.0246560291062591,0.02457752434400314
2025-09-10,0.024974797085008393,0.024963281290844973,0.02495207813337986,0.02491019452655164,0.02480830786985714,0.024694552129219772,0.024577368741212996,0.024523500370344255
2025-09-11,0.024918471505332416,0.024908094736298295,0.024897999786169207,0.02486025916547084,0.024768450854507844,0.024665947541437895,0.0245603556114112,0.024511815745238228
2025-09-12,0.024812729105327433,0.02480449067648495,0.024796476210996912,0.02476651339390178,0.0246936255888947,0.02461224693541468,0.02452841614115298,0.02448987970287563
2025-09-15,0.024873180749613404,0.024863719857684957,0.024854516004425717,0.02482010671158645,0.024736402283392234,0.024642946918894376,0.02454667554792492,0.02450242027155842
2025-09-16,0.024541656255949878,0.024538899506818257,0.024536218407129644,0.024526194151903057,0.024501809458806555,0.02447458431108112,0.024446538642532767,0.02443364620044882
2025-09-17,0.024333337970640606,0.024334793868111566,0.024336211436440852,0.024341509877786518,0.02435439961157776,0.024368791193407437,0.02438361614713295,0.024390431002654627
2025-09-18,0.024305415068279945,0.02430743562727156,0.024309402579476117,0.024316754869141692,0.024334640852690805,0.02435461072484777,0.024375182040195432,0.02438463845426305
2025-09-19,0.024215985016733086,0.02421981404492489,0.02422354053586398,0.024237470786471673,0.024271358504640482,0.024309194241350824,0.024348169711447102,0.024366086374878353
2025-09-24,0.02423488814994632,0.02423833491587156,0.02424168948714251,0.02425422933184291,0.02428473470911035,0.02431879407745479,0.024353879398961505,0.024370007790799793
2025-09-25,0.024245922973903277,0.024249146591804892,0.024252284052609673,0.024264012239039318,0.02429254315334402,0.024324398042693145,0.024357212465277014,0.024372296942226018
2025-09-26,0.024179905940143364,0.02418446456535155,0.02418890091311917,0.02420548493337733,0.024245828286972117,0.02429087171152802,0.02433727203375464,0.024358601844997826
2025-09-29,0.024292940919459032,0.024295213732738227,0.02429742611416541,0.02430569593057184,0.024325813915730993,0.0243482758076218,0.024371414226099637,0.02438205071786819
2025-10-01,0.024200536263193337,0.024204677698618216,0.02420870814420995,0.0242237747163967,0.02426042668271334,0.02430134869001712,0.024343503418605382,0.024362881562881637
2025-10-02,0.024143347088598992,0.024148645012911543,0.024153800657093175,0.024173073736491836,0.024219958571728366,0.02427230553104268,0.02432622944013542,0.024351017786794424
2025-10-03,0.024123964180431112,0.024129654069098214,0.024135191072533462,0.02415588984732945,0.02420624286968313,0.02426246204427617,0.024320374836694258,0.0243469968425501
2025-10-06,0.02405151816227888,0.024058673066231537,0.024065635447075132,0.024091662934866077,0.024154978735801164,0.024225670794233045,0.024298492531753278,0.024331968065795326
2025-10-07,0.02397744090928083,0.023986093815618195,0.023994513668460782,0.024025989853512793,0.024102560310162918,0.02418805113193729,0.024276117512661313,0.02431660089274276
2025-10-08,0.023823241238856145,0.023835012396271508,0.023846466131889208,0.02388928435903777,0.023993445789436667,0.02410974180899781,0.024229541533800185,0.024284612489769354
2025-10-09,0.023823625058819867,0.023835388454564843,0.023846834638514156,0.02388962463407069,0.02399371738749697,0.024109936729527843,0.024229657466541595,0.024284692112427658
2025-10-10,0.02386152728023726,0.023872524211031518,0.023883224667727455,0.023923226793571395,0.024020537695951777,0.024129185131868285,0.02424110582475575,0.024292554849935123
2025-10-14,0.02400258111690452,0.02401072563383153,0.024018650852394668,0.02404827786816896,0.02412034998311268,0.024200818426654242,0.02428371110722361,0.024321816176861636
2025-10-15,0.023951916881693423,0.023961085939111528,0.023970007977901955,0.024003361563823714,0.02408449903915285,0.024175088916690308,0.024268407985357603,0.024311305985965582
2025-10-16,0.023847421896570534,0.023858704068751513,0.02386968204926073,0.023910721686111636,0.024010556467235683,0.02412202180238969,0.024236845296508963,0.02428962871724247
2025-10-17,0.023704544915075603,0.02371871636905817,0.02373250545812503,0.023784054305107712,0.02390945408928834,0.024049462635086092,0.024193689333519407,0.024259989182689012
2025-10-20,0.023432800380761534,0.023452467097378138,0.023471602767664107,0.02354313958180138,0.02371716266259467,0.023911458899824982,0.024111608952601726,0.024203616340610176
2025-10-21,0.023399887818872506,0.023420220098724798,0.02344000332457509,0.023513960997728612,0.023693873128923786,0.023894744464374923,0.024101667720025893,0.02419678869766066
2025-10-22,0.023198958067864858,0.023223353582164777,0.023247090106416488,0.023335827017995758,0.023551691544355803,0.023792703566904314,0.0240409769298982,0.024155106236038802
2025-10-23,0.02309465499272383,0.02312115974095143,0.02314694843108774,0.023243357277800143,0.02347788477146879,0.02373973391286871,0.024009472207420265,0.024133468778644845
2025-10-24,0.0227522875850852,0.022785715743298064,0.022818240521636973,0.0229398319484368,0.023235619301679583,0.023565864800082114,0.0239060602020833,0.024062445367438172
2025-10-27,0.022640212155678827,0.022675906721644715,0.02271063658715309,0.02284047163882458,0.02315631266807146,0.023508948005313408,0.02387220784159183,0.024039195551213567
2025-10-28,0.02250884977309551,0.02254720077075137,0.02258451519476573,0.022724012508808213,0.023063358231933173,0.023442236453910702,0.023832529860844547,0.024011944696409215
2025-10-29,0.02253552526057408,0.022573336822138038,0.022610126405199393,0.02274766162359605,0.023082234297124145,0.02345578343074777,0.023840587186372483,0.024017478471161303
2025-10-30,0.022428055670732354,0.022468040500004696,0.022506944550214847,0.022652384614378854,0.02300618684023964,0.023401205682339422,0.02380812601877792,0.023995184126836336
2025-10-31,0.022313197546589017,0.022355505055724683,0.022396668942700117,0.022550557310777982,0.02292491112069433,0.023342875713728003,0.02377343314591123,0.023971357046339032
2025-11-03,0.022393799738970308,0.022434477297324687,0.022474055333938526,0.022622015067690876,0.022981946713357702,0.023383809025034265,0.02379777902160715,0.023988077804582755
2025-11-04,0.022297364973085546,0.02233999265112468,0.022381468044421142,0.02253652096567009,0.02291370770070688,0.02333483524186427,0.023768650920328104,0.02396807261168402
2025-11-05,0.022191334708107777,0.022236106547591335,0.02227966808928014,0.022442519987826343,0.022838678736548507,0.023280988445443535,0.023736624500513826,0.02394607685232769
2025-11-06,0.0221917185280715,0.022236482605884667,0.02228003659590509,0.022442860262859264,0.02283895033460881,0.023281183365973564,0.023736740433255236,0.023946156474985995
2025-11-07,0.022205823911738223,0.02225030274816467,0.02229357921437181,0.02245536537031902,0.022848931563324903,0.023288346695452163,0.023741000961502022,0.023949082607678647
2025-11-10,0.022153720351663173,0.022199252834844665,0.022243554440035552,0.022409173034600327,0.022812062126638933,0.02326188623350061,0.02372526309185573,0.023938273831813954
2025-11-12,0.022172527529885477,0.022217679691218,0.02226161126465785,0.022425846511213335,0.022825370431593724,0.023271437339472074,0.02373094379618478,0.023942175342070823
2025-11-13,0.0221936376278901,0.022238362897351333,0.02228187912902981,0.022444561638023854,0.022840308324910318,0.023282157968623714,0.02373732009696228,0.02394655458827751
2025-11-14,0.02214326125765179,0.022189005246351326,0.022233512634505802,0.022399900539953294,0.02280466107949571,0.0232565746490573,0.023722103924652328,0.023936104114375186
2025-11-17,0.022279517344772546,0.02232250594048468,0.02236433248636121,0.02252069817663938,0.022901078390902847,0.023325771437217886,0.02376326004785258,0.023964370158072908
2025-11-18,0.022244013998128406,0.022287720548351337,0.022330245623553815,0.022489222736094414,0.02287595557032493,0.023307741288190124,0.023752536269272234,0.023957005062179838
2025-11-19,0.02215813428124596,0.022203577505217998,0.022247792266222418,0.02241308619747889,0.022815185504332404,0.023264127819595956,0.023726596318381935,0.023939189492384442
2025-11-20,0.02210612667616184,0.022152621606471325,0.022197859618542395,0.022366978930518425,0.02277838396716151,0.023237716087776916,0.023710887431920995,0.023928400622184327
2025-11-21,0.021988006082326872,0.02203688966669798,0.02208445170471563,0.02226225928913774,0.02269479966410363,0.023177729294660238,0.023675209130752328,0.023903896749091443
2025-11-24,0.02201756021953335,0.022065846155284646,0.022112826714836383,0.02228846046667247,0.022715712714746872,0.023192738175472537,0.023684135951840834,0.023910027693780807
2025-11-25,0.021989349452199897,0.022038205870724647,0.02208574147790294,0.02226345025175296,0.02269575025731469,0.023178411516515347,0.02367561489534726,0.023904175428395506
2025-11-26,0.02196747171426783,0.022016770548004643,0.022064736600281087,0.022244054574876604,0.022680269167877486,0.023167301046303646,0.02366900672908694,0.023899636936872207
2025-11-27,0.021962098234775743,0.022011505731897973,0.022059577507531857,0.02223929072441574,0.02267646679503326,0.023164572158883227,0.02366738367070721,0.02389852221965596
2025-11-28,0.021912873324428598,0.02196327625577797,0.022012316532882686,0.02219565045144394,0.022641634343799556,0.0231395736009069,0.023652515296621483,0.023888310613728543
2025-12-01,0.022015353254741955,0.02206368382009798,0.02211070780174295,0.022286503885233188,0.022714151025900138,0.02319161738242486,0.023683469338577727,0.023909569863495565
2025-12-02,0.02189665693096141,0.02194738779288463,0.021996747127978767,0.02218127383130313,0.022630159325751804,0.023131338208513142,0.02364761713829695,0.02388494655641522
2025-12-03,0.02185347718504286,0.02190508123488463,0.021955290132672476,0.022142992890099793,0.02259960454396785,0.023109409648884787,0.02363457470488842,0.023875989007356088
2025-12-04,0.021847527975605196,0.021899252331337965,0.021949578279985834,0.022137718627089558,0.022595394774033172,0.023106388380669328,0.023632777747396576,0.023874754856152383
2025-12-05,0.021977738898297353,0.02202683010735131,0.022074594152498357,0.022253156932007172,0.022687534415990557,0.023172515170481942,0.023672107929919632,0.023901766842981828
2025-12-08,0.022126373179248093,0.02217245868144466,0.022217298343008233,0.02238492843850488,0.022792710764842426,0.023247998145735988,0.02371700288403033,0.023932600717409835
2025-12-09,0.022183082578887785,0.022228021294284667,0.02227174519684383,0.022435204074618593,0.022832839378252017,0.023276797654047894,0.023734131946573526,0.023944364965174166
2025-12-10,0.022180779659105462,0.022225764944524665,0.022269534157094158,0.02243316242442108,0.02283120978989021,0.023275628130867716,0.023733436350125075,0.02394388722922435
2025-12-11,0.022180203929159883,0.022225200857084664,0.02226898139715674,0.022432652011871706,0.022830802392799755,0.023275335750072672,0.02373326245101296,0.02394376779523689
2025-12-12,0.0220964352220779,0.02214312613456466,0.02218855482626254,0.022358386985937232,0.02277152611613889,0.023232794344393664,0.023707960130200413,0.023926390150062163
2025-12-15,0.022177037414459193,0.022222098376164668,0.02226594121750095,0.02242984474285013,0.02282856170880227,0.023273727655699926,0.023732306005896337,0.023943110908305885
2025-12-16,0.02207781995383746,0.022124887307337988,0.022170682254952716,0.022341883646840685,0.022758353610214256,0.023223340698687218,0.02370233739224207,0.02392252845113445
2025-12-17,0.021999136861274766,0.022047795357204646,0.02209513839683903,0.02227212726509238,0.022702676007852383,0.023183381990031105,0.023678571180253193,0.023906205806182242
2025-12-18,0.021989061587227104,0.022037923827004646,0.02208546509793423,0.02226319504547827,0.022695546558769465,0.02317826532611782,0.023675527945791204,0.023904115711401778
2025-12-19,0.021903373780326515,0.021953968813017966,0.0220031959939153,0.022187228644379203,0.022634912291807086,0.023134749317788663,0.023649645961271608,0.023886339952935536
2025-12-22,0.02197495620356038,0.02202410368472464,0.022071922479467508,0.022250689938018514,0.02268556533005337,0.023171101996639226,0.02367126741754442,0.023901189578709126
2025-12-23,0.02196526474947644,0.022014608212817977,0.022062617687187654,0.02224209799343732,0.022678707479030752,0.023166180253255973,0.02366834011582384,0.023899179106586965
2025-12-24,0.021806363284496175,0.021858920079377956,0.021910055944460504,0.02210122412980904,0.022566265882065804,0.023085483153823628,0.023620343960880447,0.023866215326049336
2025-12-29,0.021969486769077364,0.022018744854044644,0.022066671260062044,0.022245841018799423,0.022681695057694067,0.0231683243790863,0.023669615375979336,0.023900054955828302
2025-12-30,0.021962578009730397,0.022011975804764643,0.02206003814081304,0.02223971606820689,0.022676806292608636,0.023164815809545762,0.023667528586633974,0.02389862174797884
2025-12-31,0.02200662135056732,0.022055128493924648,0.022102324276025456,0.022278762628234295,0.02270797217002827,0.023187182940366684,0.023680831868710672,0.02390775844801916
2026-01-02,0.021952694645664593,0.02200229230371131,0.02205054909522071,0.022230953986109237,0.022669812642555864,0.023159796605897495,0.023664543318542685,0.023896571464527526
2026-01-05,0.022041069192311226,0.022088879725751315,0.022135397745614252,0.022309302312438734,0.02273234809594036,0.023204677057936864,0.023691236832252143,0.023914904581601892
2026-01-06,0.022050280871440515,0.022097905124791317,0.022144241904612925,0.022317468913228777,0.022738866449387597,0.023209355150657578,0.023694019218045963,0.02391681552540118
2026-01-07,0.02205344738614121,0.02210100760571132,0.02214728208426872,0.022320276182250354,0.022741107133385084,0.023210963245030324,0.023694975663162587,0.023917472412332177
2026-01-08,0.022031857513181936,0.022079854326711317,0.022126553586615576,0.022301135711648688,0.022725829742493115,0.023199998965216146,0.023688454446458323,0.023912993637802613
2026-01-09,0.021948184761090877,0.021997873618764638,0.02204621914237761,0.022226955754472442,0.022666621365347323,0.023157506289669644,0.023663181108831127,0.02389563589829246
2026-01-12,0.022032337288136583,0.02208032439957798,0.022127014219896754,0.022301561055439834,0.02272616924006849,0.023200242615878684,0.023688599362385085,0.023913093166125488
2026-01-13,0.022010075730240802,0.022058513018564648,0.02210564083564996,0.02228182510353056,0.022710416552570983,0.023188937225136954,0.023681875263383355,0.02390847505194389
2026-01-14,0.022025812348753337,0.02207393140859132,0.022120749607272696,0.02229577637988022,0.022721552073043362,0.023196928966868178,0.02368662850578113,0.023911739580934333
2026-01-15,0.02202619616871706,0.022074307466884654,0.02212111811389764,0.02229611665491314,0.022721823671103664,0.023197123887398207,0.02368674443852254,0.023911819203592637
2026-01-16,0.021892914686315136,0.021943721224524634,0.021993154188385558,0.022177956149732173,0.02262751124466386,0.023129437733345352,0.023646486794068212,0.023884170235496764
2026-01-19,0.02200950000029522,0.022057948931124647,0.022105088075712542,0.022281314690981182,0.02271000915548053,0.02318864484434191,0.02368170136427124,0.023908355617956435
2026-01-20,0.02195106341081878,0.02200069405596464,0.022048982942064692,0.022229507817219333,0.02266865835079958,0.02315896819364487,0.023664050604391695,0.023896233068229737
2026-01-21,0.021969966544032014,0.022019214926911307,0.022067131893343226,0.022246266362590573,0.02268203455526945,0.023168568029748836,0.023669760291906098,0.02390015448415118
2026-01-22,0.022007101125521965,0.022055598566791314,0.022102784909306634,0.02227918797202544,0.022708311667603648,0.02318742659102922,0.023680976784637434,0.02390785797634204
2026-01-23,0.02191968612878464,0.021969951290484638,0.022018857525475458,0.022201690333278245,0.022646455209369913,0.02314303344031493,0.0236545731027815,0.02388972391591343
2026-01-26,0.02201957527434288,0.02206782046132465,0.022114761374617344,0.022290246910595293,0.02271713860456346,0.02319376150825519,0.02368474459873323,0.023910445712736903
2026-01-27,0.022014969434778237,0.02206330776180465,0.022110339295118006,0.022286163610200273,0.022713879427839832,0.023191422461894835,0.02368335340583632,0.023909490240837262
2026-01-28,0.022059300640587948,0.022106742494684653,0.02215290181029913,0.022325465376502363,0.02274524900380469,0.02321393578311328,0.023696743637469077,0.023918686657871304
2026-01-29,0.022102672296488355,0.022149237081831325,0.022194543058917892,0.02236391645522216,0.022775939584618793,0.023235961803006647,0.023709844037248313,0.023927684018259596
2026-01-30,0.022007676855467544,0.022056162654231312,0.022103337669244053,0.022279698384574817,0.0227087190646941,0.023187718971824266,0.023681150683749548,0.023907977410329493
2026-02-02,0.022032145378154726,0.022080136370431314,0.022126829966584285,0.022301390917923377,0.02272603344103834,0.023200145155613666,0.023688541396014378,0.023913053354796338
2026-02-03,0.022015257299751026,0.022063589805524645,0.022110615675086712,0.02228641881647496,0.022714083126385058,0.023191568652292355,0.023683440355392375,0.02390954995783099
2026-02-04,0.022013434154923354,0.022061803528631314,0.022108865268618227,0.022284802510068598,0.022712793035598627,0.023190642779774714,0.023682889674870682,0.023909171750204048
2026-02-05,0.02201823190446986,0.02206650425729798,0.022113471601430033,0.02228905594798008,0.0227161880113524,0.023193079286400086,0.023684338834138296,0.02391016703343284
2026-02-06,0.021960850819893653,0.02201028354244464,0.022058379861000788,0.02223818483055876,0.02267558410133728,0.02316393866716063,0.023667006889297633,0.023898263446016473
2026-02-09,0.02200374270083941,0.022052308056724645,0.02209956047633837,0.0222762105654874,0.022705935184576004,0.02318572103639146,0.023679962373150103,0.023907161278081884
2026-02-10,0.02198388001771688,0.022032847040044642,0.022080490258497475,0.022258601332533868,0.022691879984955386,0.023175633898962416,0.02367396285378218,0.02390304080551468
2026-02-11,0.021992515966900588,0.022041308351644643,0.02208878165755873,0.022266257520774536,0.02269799094131218,0.02318001961088809,0.023676571340463887,0.02390483231532651
2026-02-12,0.021933695557460435,0.021983677418191308,0.022032308017285944,0.022214110371979772,0.02265636853857093,0.023150148039661023,0.023658804647842934,0.023892630142941507
2026-02-13,0.021821140353099417,0.021873398323671297,0.02192424344952088,0.022114324718576408,0.02257672240738743,0.023092987594229775,0.0236248073714247,0.02386928079839402
2026-02-17,0.02189224300137863,0.021943063122511302,0.021992509301791904,0.02217736066842457,0.022627035948058333,0.0231290966224178,0.023646283911770743,0.023884030895844736
2026-02-18,0.021887253341850262,0.021938174364697968,0.021987718715667622,0.022172937092996628,0.02262350517327441,0.023126562655527413,0.023644776786132426,0.023882995801286788
2026-02-20,0.021819221253280813,0.021871518032204624,0.021922400916396155,0.02211262334341181,0.02257536441708592,0.023092012991579626,0.023624227707717653,0.023868882685102503
2026-02-23,0.021910666359637204,0.021961113920591302,0.022010197619789253,0.022193693870004656,0.02264007265495282,0.02313845280785923,0.023651848683358383,0.023887852783443297
2026-02-24,0.021912201639492087,0.02196261815376464,0.022011671646289033,0.02219505497013633,0.022641159047194027,0.02313923248997935,0.02365231241432402,0.02388817127407651
2026-02-25,0.02198032968305247,0.02202936850083131,0.022077081572216738,0.022255453788479374,0.022689367702897596,0.023173830884059644,0.023672890475924146,0.023902304295925374
2026-02-26,0.021973996653651077,0.02202316353899131,0.022071001212905145,0.022249839250436217,0.022684886334902614,0.023170614695314153,0.023670977585690894,0.023900990522063365
2026-02-27,0.021966895984322252,0.022016206460564642,0.022064183840343667,0.022243544162327225,0.022679861770787034,0.0231670086655086,0.023668832829974826,0.023899517502884753
2026-03-02,0.022012762469986846,0.02206114542661798,0.022108220382024573,0.02228420702876099,0.0227123177389931,0.02319030166884716,0.02368268679257322,0.023909032410552016
2026-03-03,0.0221321304787039,0.022178099555844665,0.022222825942382406,0.022390032563998657,0.022796784735746957,0.023250921953686436,0.023718741875151467,0.023933795057284386
2026-03-04,0.022088854777794417,0.02213569898327132,0.022181276820419878,0.02235166655403709,0.022766162054447932,0.023228944663925572,0.023705670458557582,0.023924817602560672
2026-03-05,0.02211706554512787,0.022163339267831327,0.022208362057353322,0.022376676768956605,0.022786124511880113,0.023243271322882765,0.023714191515051157,0.023930669867945974
2026-03-06,0.022138751373078077,0.02218458656140466,0.022229182681662702,0.022395902308316503,0.02280146980228716,0.02325428433282945,0.023720741714940773,0.02393516854814012
2026-03-09,0.02229717306310369,0.022339804621978016,0.02238128379110867,0.022536350828153633,0.022913571901676727,0.02333473778159926,0.0237685929539574,0.023968032800354866
2026-03-10,0.022242958493228174,0.02228668638804467,0.022329232230335217,0.022488286979753885,0.0228752086756591,0.023307205256732542,0.02375221745423336,0.023956786099869502
2026-03-11,0.022329893715010853,0.022371863591484683,0.022412698980885215,0.02256535927470994,0.022936725636317455,0.0233513547567843,0.02377847622016253,0.023974820631975233
2026-03-12,0.022365588971636857,0.022406837012764688,0.02244697009700508,0.022597004852771364,0.02296198425592552,0.023369482366077072,0.02378925796511358,0.023982225539197453
2026-03-13,0.022355225832616402,0.022396683438844683,0.02243702041813157,0.02258781742688256,0.022954651108297374,0.023364219511766267,0.023786127781095533,0.02398007572742326
2026-03-16,0.022410303997410286,0.022450647803938028,0.02248990111881115,0.022636646894106376,0.022993625429950683,0.023392190607825547,0.023802764129487747,0.023991501578889806
2026-03-17,0.022377007615557536,0.022418024746991352,0.02245793316909719,0.022607128035000687,0.0229700642982195,0.02337528125184546,0.0237927069641705,0.02398459431328198
2026-03-18,0.022357048977444078,0.022398469715738018,0.022438770824600062,0.022589433733288925,0.022955941199083812,0.023365145384283907,0.02378667846161723,0.023980453935050203
2026-03-19,0.02249522416438343,0.022533850701338034,0.02257143320958019,0.0227119327451396,0.023053716500792455,0.023435316775094646,0.02382841424852452,0.02400911809203944
2026-03-20,0.022715536823558962,0.02274970816171139,0.022782956012298506,0.022907250614034848,0.023209613787405686,0.02354720115933176,0.023894959642093375,0.024054821497905617
2026-03-23,0.02278395273209213,0.022816740552498063,0.022848642318194917,0.022967904638652576,0.02325802614165448,0.023581945743809573,0.023915624653249555,0.024069014236748208
2026-03-24,0.022982387653335597,0.02301116269015142,0.02303916024329138,0.023143826830671465,0.02339844233883051,0.02368271965783499,0.023975561880558088,0.024110179151091087
2026-03-25,0.023056464906333642,0.023083741940764763,0.023110282021905727,0.023209499912024745,0.023450860764468756,0.02372033932013074,0.023997936899650053,0.02412554632414365
2026-03-26,0.023126128229748903,0.02315199652100477,0.02317716597433321,0.023271259830499463,0.023500155812413537,0.023755717396331155,0.024018978692215816,0.024139997836625727
2026-03-27,0.02310837655642683,0.023134603824938104,0.023160122542929512,0.023255522110226978,0.023487594402124574,0.023746702321817276,0.02401361680292564,0.02413631528867919
2026-03-30,0.02318274167439767,0.02320746511927144,0.02323152070151257,0.023321450397854947,0.02354021652630805,0.023784468174510555,0.024036078771573665,0.02415174217872548
2026-03-31,0.023190609983653937,0.02321517431428478,0.023239075087323938,0.02332842603602978,0.023545784286544236,0.023788464045376163,0.02403845539277255,0.0241533744432207
2026-04-01,0.023024799759326708,0.02305271713156476,0.023079880225347783,0.023181427221808965,0.02342845392449386,0.023704258376403282,0.0239883724484838,0.024118977454833615
2026-04-02,0.022936137347707285,0.022965847665804753,0.022994755194985533,0.02310282368920478,0.023365714772564144,0.023659231733966397,0.023961591985218283,0.02410058462076552
2026-04-06,0.023059535466043408,0.02308675040711143,0.023113230074905285,0.023212222112288093,0.023453033548951174,0.02372189868437098,0.02399886436158133,0.024126183305410075
2026-04-07,0.02305704063627922,0.02308430602820476,0.023110834781843143,0.02321001032457412,0.023451268161559208,0.02372063170092579,0.023998110798762167,0.024125665758131108
2026-04-09,0.02270373435967456,0.022738144369191388,0.022771624433581453,0.0228967871567726,0.023201262147051406,0.02354120735303334,0.023891394710295045,0.024052373101162785
2026-04-10,0.022591946795240986,0.022628617391258044,0.022664296879066282,0.022797682053435075,0.023122159211988506,0.023484436748662157,0.02385762929935963,0.02402918300193191
2026-04-13,0.02265930719887392,0.02269461562173805,0.022728969791744092,0.022857400321712282,0.023169824671571478,0.02351864530168239,0.023877975495476933,0.02404315677846416
2026-04-14,0.022663721128456705,0.022698940292111388,0.022733207617930958,0.022861313484590844,0.023172948049264945,0.023520886887777735,0.02387930872200314,0.024044072439034652
2026-04-15,0.02271390558871315,0.022748109913964726,0.02278138985914249,0.022905804445144944,0.023208459495649404,0.02354637274707913,0.023894466927942386,0.024054483101607828
2026-04-16,0.022726859512488717,0.022760801881364725,0.022793826957734378,0.022917288727505942,0.023217625930184588,0.023552951314967634,0.023898379657964947,0.024057170366325566
2026-04-17,0.022584654215930297,0.022621472283684715,0.02265729525319233,0.022791216827809622,0.023116998848842774,0.02348073325859159,0.023855426577272854,0.024027670171424147
2026-04-20,0.02272071839306919,0.02275478494867139,0.02278793085173526,0.022911844326979246,0.023213280361219762,0.02354983258648716,0.0238965247341024,0.02405589640379271
2026-04-21,0.022767256563670294,0.022800382016738067,0.02283261228000982,0.022953102674720623,0.023246211626031354,0.023573466700753276,0.02391058157899826,0.024065550651112006
2026-04-22,0.022804583055142106,0.022836953685764733,0.0228684495492857,0.02298619442167195,0.023272624537395703,0.023592422722298674,0.0239218560381003,0.02407329395463202
2026-04-23,0.022794507781094445,0.022827082155564737,0.0228587762503809,0.022977262202057838,0.02326549508831278,0.023587306058385393,0.023918812803638306,0.02407120385985155
2026-04-24,0.02276341836403309,0.02279662143380473,0.022828927213760373,0.022949699924391435,0.023243495645428335,0.023571517495452977,0.023909422251584166,0.02406475442452897
2026-04-27,0.022915315114675452,0.022945446503391417,0.02297476371058228,0.02308436376866895,0.023350980577792772,0.023648657295212278,0.02395530263399684,0.02409626509155256
2026-04-28,0.022937480717580307,0.022967163869831414,0.022996044968172837,0.023104014651819996,0.023366665365775204,0.0236599139558215,0.023961997749813217,0.024100863300069584
2026-04-29,0.02296406025006795,0.02299320590664475,0.02302156405195027,0.023127578697849607,0.023385473531451102,0.023673412202526067,0.0239700260921558,0.024106377169157096
