Date,cirpp_walkforward_ZC050YR,cirpp_walkforward_ZC075YR,cirpp_walkforward_ZC100YR,cirpp_walkforward_ZC200YR,cirpp_walkforward_ZC500YR,cirpp_walkforward_ZC1000YR,cirpp_walkforward_ZC2000YR,cirpp_walkforward_ZC3000YR
2024-04-29,0.04802129220967544,0.04701055878669638,0.046013490496436674,0.04276780131557817,0.037652294469292594,0.037979966690529,0.03710163943497601,0.036356020809586304
2024-04-30,0.048124877098712895,0.047065027492468575,0.04602844515924616,0.0424707511116407,0.037118317184597356,0.03731233863943804,0.03648593249379825,0.03571996047707171
2024-05-01,0.048055808490149426,0.04703960365974693,0.04606567317926651,0.04289163174270238,0.037652374075465796,0.03786362626116899,0.03693311203138755,0.036164047445175734
2024-05-02,0.04797679521936883,0.04692399895356575,0.04590101706881894,0.042337653653501735,0.03704045165387271,0.03728622211388987,0.036456463672408915,0.0356487570876321
2024-05-03,0.04779485117054571,0.04665856027612175,0.045540729347265316,0.04172781897148503,0.036480357295778594,0.036872271646150395,0.03627542196990736,0.03545313642030808
2024-05-06,0.04775801992074805,0.04657108177788149,0.045379640062971155,0.04122093771716619,0.03597844163395672,0.03635290650463628,0.03581260180816705,0.03502666782774843
2024-05-07,0.04759801396696167,0.046325290631989195,0.04505969928297984,0.04087206206867534,0.035567174104781926,0.03579055704672852,0.03518295400011146,0.03443507253071588
2024-05-08,0.04747257752673439,0.04619417922754837,0.0449480612559188,0.04093918975490593,0.03539179634992788,0.03545111653461584,0.034827125534142155,0.03399341392047829
2024-05-09,0.04750976540359845,0.04623359170424113,0.045030271702852814,0.041360948879773256,0.035900893969817625,0.03605812344394776,0.03539137594146055,0.034516697446323165
2024-05-10,0.04745384505847266,0.046181834711915136,0.044998436046379944,0.04141182159814769,0.03586689003209991,0.03594777909638226,0.03533632691818033,0.03442746225675794
2024-05-13,0.047748552132817854,0.04664308699805995,0.045624915592405245,0.04220327079057262,0.03663217154822455,0.03659821929666863,0.035705527582481925,0.03474930708877952
2024-05-14,0.04763476349259706,0.04656241628167544,0.04559661310824679,0.04223332707666501,0.03660406849219219,0.03652473830002751,0.03556113767133692,0.034585218283580035
2024-05-15,0.04762076742915288,0.04652760875322349,0.04551734124183743,0.041950606389490476,0.036537454621956636,0.0365082107538524,0.03561372767738215,0.03462137063621118
2024-05-16,0.047427098948685374,0.04623130456822924,0.04507469410191016,0.04104110456222806,0.035399149714605144,0.03542211069868396,0.034752693635794925,0.03371681380565982
2024-05-17,0.047483214373116374,0.04630414597112019,0.045178044591394746,0.04120105770282181,0.0354962709901173,0.03544061447896833,0.03462298015151865,0.03360193355443611
2024-05-21,0.04736443624495564,0.046184719442829675,0.04511406432231648,0.04140385416252793,0.035856785800120236,0.03585170700115224,0.035035008182452046,0.03402057930271057
2024-05-22,0.04716691458035566,0.04594713282800473,0.04480619569189415,0.040798986106920954,0.035318959059149314,0.03540359834799913,0.03484124019417784,0.03379882918903953
2024-05-23,0.04714066841329185,0.0459190318711105,0.04483559827523508,0.04105730121769684,0.035590351154397744,0.03559987886730863,0.034932500178893454,0.03388773372436896
2024-05-24,0.047149880757209994,0.045967684272613,0.044936852824474294,0.04126025233199559,0.035868644630806516,0.035897665984123715,0.03526088276925977,0.03419950800732725
2024-05-27,0.04747158812315683,0.04626655027147214,0.04507696673453591,0.04164976145195804,0.03599248785775292,0.035893961450665514,0.035155696119170576,0.03408241983592418
2024-05-28,0.04735716007674896,0.046202220775675075,0.04508874122744962,0.041744179104594964,0.03615321442227671,0.03594532544442683,0.03519788728249685,0.03411902098181399
2024-05-29,0.04740847546577024,0.04622678776130649,0.045109707033002634,0.04201070740100301,0.03668005039052723,0.036660898604657,0.03587463395425833,0.034784686136704185
2024-05-30,0.047302028521806753,0.046182650543409795,0.04513900368344534,0.04220035608767168,0.03710053402236657,0.03721189487954106,0.03636298148012183,0.03527802321847926
2024-05-31,0.04710932666808189,0.04595304593405246,0.04486400056102858,0.04158210213786791,0.036532276131997936,0.036587560818613016,0.035872749942897186,0.034830791069308566
2024-06-03,0.04692430464627983,0.04575795641866675,0.044626385201796716,0.0408592451273671,0.035835840840219776,0.03607483551039049,0.035140768602203554,0.03428999670000312
2024-06-04,0.04679489165355798,0.04562238740388918,0.04446504955971165,0.04019204513063703,0.034818277102181994,0.03498967647225059,0.03408765997380862,0.03323181116483509
2024-06-05,0.04629550504721551,0.045131652111125145,0.04393977350712172,0.039137120100498454,0.03367481395101733,0.03387019309133587,0.033345715732496437,0.03247382579501022
2024-06-06,0.045396793422920495,0.04414146515741674,0.042877069418591485,0.03810946755700245,0.03301716135076087,0.033426039135954,0.03313963886808326,0.03232797195203385
2024-06-07,0.045250533548730695,0.044143089384623434,0.04301894290222828,0.03848760476126063,0.03343047260635704,0.03378822730698479,0.033625263519565095,0.032768102440926455
2024-06-10,0.045425880514560986,0.04436852299846894,0.04330881704004332,0.038938699083710726,0.03417257125451285,0.034474351495038726,0.034329282882638326,0.03346375777883775
2024-06-11,0.045466555284150126,0.044407224833967425,0.04334758090051371,0.03911472250523904,0.03446656996185123,0.034998297200246324,0.03478531119576382,0.03390966174236969
2024-06-12,0.04525844609988815,0.04407142864301048,0.0429241485519669,0.03871048427965853,0.034012854151797806,0.034559098292830694,0.034438806152590616,0.033599672358488174
2024-06-13,0.045105732899927,0.043790272771348365,0.04251586180938242,0.038030555878829315,0.03324720234472802,0.03379455538565997,0.03378473748153647,0.03307039118871672
2024-06-14,0.04508110310602342,0.04372776191797255,0.04236538723167403,0.0375419941142196,0.03251672694066808,0.03305447717865587,0.03303101663952486,0.03231192396709413
2024-06-17,0.044778221169402825,0.043387662565861386,0.042007003669057526,0.037159028802776176,0.032176793822686636,0.03256350957011549,0.03251294108523654,0.03176487356408207
2024-06-18,0.0448806404022937,0.043453776792572965,0.04211015745208035,0.03748334371451949,0.03241746302618317,0.03281997348112416,0.03267993118618199,0.03193678946414488
2024-06-19,0.0449361256047996,0.043488355607008304,0.042040917267183904,0.037054696447238286,0.031927729732304885,0.032453921159226594,0.03232860381955016,0.03157268854789198
2024-06-20,0.045008199725585035,0.043557740829231695,0.04216810003480841,0.03744627098633527,0.032370158178014224,0.03282689494310938,0.03263070609464703,0.03187208125921419
2024-06-21,0.04503347773397368,0.04363716608443294,0.042247312356418217,0.03760771815900508,0.0325660844189599,0.03307460040364664,0.03279078557680136,0.03209770955508172
2024-06-24,0.04525255832925325,0.04384133941809632,0.04243939215682752,0.03787839968734832,0.032868512453692995,0.0333420832436614,0.032992975277158956,0.03231905261430158
2024-06-25,0.04518505300240376,0.04382866848953028,0.04249046168142433,0.037997729912170035,0.03285703290615207,0.033362385244140466,0.03292968661819526,0.03226617614979242
2024-06-26,0.04547463631577509,0.044066968277348725,0.04270163369017958,0.03846410385089935,0.033251956414643506,0.033586868241260656,0.03284718787037655,0.03218928849048275
2024-06-27,0.045647754229191734,0.04432975288156135,0.04306965449925295,0.039084177988661255,0.03427870281488684,0.03465796784668169,0.033773959006328014,0.03314598946643972
2024-06-28,0.04567619916946757,0.0443520694464245,0.04307905909808339,0.038930514801394145,0.034293940810903645,0.034642804724830965,0.03391782663347964,0.03324427161446298
2024-07-02,0.04549104741936236,0.04410465826550944,0.042768681525916355,0.038481125053639945,0.034179876955051015,0.034833062598418306,0.034124725117584596,0.03350228728259401
2024-07-03,0.04552028355966411,0.04429143758259784,0.04313012829635715,0.03917737626582002,0.03521251374635461,0.0360112375384538,0.03527454696403347,0.03465214865076964
2024-07-04,0.045495263585283295,0.04426986151214331,0.04309375326436762,0.038950019774155194,0.034888921386710625,0.03557512000307392,0.034932084248198166,0.03430371989103856
2024-07-05,0.04560382188902597,0.044357028013655514,0.04318185412976649,0.03925262737357891,0.035351534698838935,0.03602174273154871,0.03532754681118966,0.03469169400406401
2024-07-08,0.04493743735719057,0.043572262208444075,0.04227084619576653,0.0380074665324102,0.03400412053434142,0.03484488743770908,0.03454096710478684,0.03392859859221298
2024-07-09,0.04502826798527035,0.04362658013603069,0.04229588217856245,0.037970062574431605,0.033806471989067235,0.03455250097213081,0.03426140713854954,0.03362598028096238
2024-07-10,0.04488099648156652,0.043504557762856354,0.04219039457057911,0.03784002657417867,0.03386090686986912,0.034727035336485294,0.03440407590450391,0.03377592499816549
2024-07-11,0.04487499230236168,0.043605504017164246,0.04234203065255752,0.03784139401306836,0.03382844736381102,0.0346014483935754,0.03428908601183724,0.03365562241704483
2024-07-12,0.044577628464530235,0.04321207973020146,0.041838548211256044,0.0371441882343672,0.03324386643510978,0.03415804379654887,0.03402607474722285,0.033482176204906816
2024-07-15,0.0442457316241864,0.04282783594074703,0.04139547041194843,0.03659140112308543,0.03274114410146513,0.033776632005948326,0.03371755229441596,0.03323716110398359
2024-07-16,0.04400739216072281,0.042580906348126134,0.04113579191683132,0.03630589463632552,0.032643706134764465,0.03381292591335858,0.03397132663598825,0.03356870404150046
2024-07-17,0.04396283028284538,0.04254610992229926,0.041120266649741236,0.03630161733998526,0.032441039018216766,0.03344934723742271,0.03355836644048524,0.033135253760191406
2024-07-18,0.04382077234984767,0.04246132434265854,0.041097026408825725,0.0362873805305223,0.032284537284162196,0.033248851321133505,0.033277290184938677,0.032850186077000104
2024-07-19,0.0434679455791804,0.04223513167746282,0.04103789229917342,0.036592452938903106,0.03260982209194886,0.03357933869460648,0.03356316653538547,0.033153217307623065
2024-07-22,0.04341664591451566,0.04218503818207474,0.041034968239725224,0.036730398884678155,0.03273584836276096,0.03379403488673789,0.03386671299886815,0.03348896914357111
2024-07-23,0.04363317869624583,0.04239139280637113,0.04123939860155813,0.03695176997809267,0.032907798671405857,0.03400214805416488,0.03413349118937593,0.03375288022355315
2024-07-24,0.043404029099791026,0.04215141832216581,0.04092651540842809,0.03637585528173158,0.032410733669472315,0.03364140556075747,0.03394142783022597,0.03359732528291681
2024-07-25,0.0430521897779663,0.04167098639858303,0.04038247564903716,0.035882148171714486,0.032342036931818204,0.03390912194838453,0.03436306154764724,0.03405278659597805
2024-07-26,0.042886510758352876,0.041453981982873374,0.04015027850268209,0.03568814250070444,0.03199470810389847,0.03350562806015863,0.03407326365393059,0.033844670863553264
2024-07-29,0.04300492342928239,0.04152012251434972,0.04014745209988917,0.03557277838672641,0.031789048598390636,0.033271101063283355,0.03391779877386835,0.033635766736972994
2024-07-30,0.0426638194083642,0.04111610318697191,0.039682740702761614,0.034940167550462586,0.03119358882683644,0.032607757212233836,0.03331175612487313,0.03304854302236992
2024-07-31,0.042341942498667566,0.04083924267607438,0.03935159635892805,0.03441005091260812,0.03083349429284546,0.0322557220311372,0.03297076261002807,0.03268647184180508
2024-08-01,0.04215096830706269,0.04051860861933193,0.03889074422344044,0.03368132668513972,0.029990595232612834,0.031518887007146,0.03226068064700672,0.03196316994271069
2024-08-02,0.041714287147341766,0.040004645528223214,0.03824646659372217,0.0328002277978035,0.029349570578040482,0.030946903643031064,0.031787917551570496,0.031499786993252996
2024-08-06,0.04092533240108607,0.0390805722017495,0.03714857634484668,0.03118016754719266,0.028200252564874222,0.029937716250373753,0.031062864753268065,0.030756928557537956
2024-08-07,0.04106051920112491,0.039206016330087363,0.037383489602262204,0.03216773914636345,0.029338100757804422,0.03116427334320304,0.03205389608221393,0.0317592473877665
2024-08-08,0.041072305502322826,0.03921605988882637,0.03743481739514199,0.03240912241389757,0.029609999170880814,0.03150189130074611,0.03242115468289138,0.032168003586816284
2024-08-09,0.04106600796944168,0.039226106694199264,0.03752421692647304,0.032908500401946955,0.030062942015616843,0.03176706666294477,0.0326408724141824,0.03237519239431062
2024-08-12,0.04094636536818873,0.039117517286981596,0.037386987018921264,0.032601324035587555,0.029483508662555988,0.031073092823893554,0.031988736097498305,0.03170124285243706
2024-08-13,0.04064713609499289,0.03888060339915347,0.03718846869400636,0.03229939361173327,0.029137365318345,0.030756174215113646,0.031784354872691836,0.03148793068167959
2024-08-14,0.04054600950969809,0.03869990119489347,0.03689711489659572,0.03180055141509445,0.028653755915168545,0.03036692499467942,0.0315527243768611,0.03126246512721961
2024-08-15,0.040325785399846055,0.03842106417064446,0.03660101752310007,0.03156424838055686,0.028399368609456757,0.03005626144226562,0.0311733055462326,0.03092491862574058
2024-08-16,0.040566636037716354,0.03876993258594512,0.03709441322181708,0.03238862575842878,0.02916019773108821,0.030653223132121446,0.03165854813979285,0.031416883668107146
2024-08-19,0.040506817268256716,0.038783444511572875,0.03705656021939843,0.032462174334136416,0.029220893000183837,0.03069616773634481,0.03161499092315357,0.03139147580533702
2024-08-20,0.04040832547670363,0.0386248359592809,0.03687889242713151,0.032518378905562396,0.029146191530524803,0.030614908836125988,0.03146961739872669,0.03128323234654736
2024-08-21,0.040460959370668736,0.038487133349191675,0.03657230466241448,0.03201706236885917,0.028613276573390897,0.030106602440109813,0.030958254511569253,0.030761962716031814
2024-08-22,0.040271230097472896,0.03827891946136353,0.03635248633749956,0.03179983194500488,0.028517733229179908,0.030085483831329904,0.031114973286762774,0.030884950545274337
2024-08-23,0.04017275638284214,0.03831198957827111,0.036534348878289935,0.03224465304005436,0.029054201668805926,0.03064356747968694,0.031616097163073086,0.031406518857672365
2024-08-26,0.040091543482806524,0.0381475657939614,0.036268053392325715,0.03159564574081447,0.028573290825286566,0.03024149014459342,0.03128423511153938,0.031164934929962865
2024-08-27,0.040030171643767445,0.038071536916175125,0.036218089843790574,0.031752363794786506,0.028760099435276378,0.030464828316816493,0.03148325741401106,0.03140652781121792
2024-08-28,0.039949956718177394,0.03805939608288306,0.03625892481884174,0.031722898985829404,0.02878672793961801,0.03053096367181835,0.03149124362655577,0.03142177069362041
2024-08-29,0.03984467721326594,0.037914569118885244,0.03612525610362474,0.031833186818249655,0.02899665235911095,0.030775240805422426,0.03179414595959621,0.03173695450421659
2024-08-30,0.03975087093768722,0.03796074948969172,0.03632645327875543,0.0322939470590507,0.029438761586390555,0.03123930531249949,0.03225702464308346,0.03217956954543574
2024-09-03,0.039639443597359575,0.037822507420378085,0.036190364336704285,0.032286281447423446,0.02956202599980015,0.03144729231057781,0.03259954857733735,0.032497728957107744
2024-09-04,0.03922562598386848,0.03743145490351786,0.03577733478425118,0.03151012841125088,0.028545320563107282,0.030434258277233988,0.031696184060906324,0.03157882522321273
2024-09-05,0.03904219482675705,0.037137321635745464,0.03535168565607786,0.03081363985442221,0.02802505779580384,0.03002637483876627,0.03141011047602724,0.03127885823811161
2024-09-06,0.038975980329188496,0.037005032537533206,0.03519723672780165,0.030724913688730357,0.027781665465475985,0.02978518808894591,0.031208289728915862,0.031086154563920675
2024-09-09,0.03874731301823243,0.03663354193136171,0.03470502693351373,0.030034992084654683,0.027563862879602462,0.0297739195533265,0.0313124213425624,0.03120786403644418
2024-09-10,0.03852811944377392,0.036438377604231444,0.03451652538669316,0.029641192394648293,0.027113274134098073,0.029337087832288042,0.030871895968835373,0.030796697616256013
2024-09-11,0.03840411517188284,0.036304678628071456,0.03433912131255072,0.02933596713604779,0.02686526173352155,0.029108219186331753,0.030737159499307477,0.030648993427676824
2024-09-12,0.03837489781458364,0.03628336540666603,0.03440274144020239,0.02969424918322702,0.027122132700388803,0.029304809799189136,0.0309735678245234,0.030888902096471056
2024-09-13,0.03828755530601694,0.03615852122991623,0.03422935168877145,0.02941506551435781,0.02697855224184638,0.029241117663184314,0.03089617808470055,0.030836254162056043
2024-09-16,0.037955371087649986,0.035653865533367926,0.033589148907065554,0.02870950760984537,0.026698782068165783,0.02907853809853808,0.030875177952843676,0.030901718166466717
2024-09-17,0.03758505989137647,0.03506043031473935,0.032908960915207945,0.028174493709614598,0.026393208633239844,0.02879816203833402,0.030568894128774393,0.03066701776689693
2024-09-18,0.03735022421450595,0.034791177149990284,0.03277321492537134,0.02854270598488546,0.026730836314528397,0.029064795613530564,0.03081150516663168,0.03086426443601397
2024-09-19,0.03722242584744861,0.03460871688115237,0.03259345305161486,0.028579349695523146,0.026937503108598534,0.0294382356483116,0.03126030370617162,0.031385938776381496
2024-09-20,0.037219645208435424,0.034694050755591344,0.032647231674690066,0.028397082148942356,0.026855210513875134,0.029459011882420876,0.03133688022794054,0.03149701087778892
2024-09-23,0.03722094286941255,0.03474922359794585,0.0327366569834114,0.028483721702568868,0.026938805870919184,0.029552648843322805,0.031178248917473003,0.03141537827163921
2024-09-24,0.03708239479134733,0.03460414721848594,0.0326396009721463,0.028444615010236502,0.0269761724885422,0.02958644421871206,0.031236670632065,0.031507103644225515
2024-09-25,0.036976718737693696,0.03448439017774803,0.03251038882165802,0.0282942756589125,0.026976336285212257,0.029708664827971028,0.03136686319790776,0.031665139350473825
2024-09-26,0.03680996878403682,0.03448151279298197,0.032392358899718435,0.02884887200765759,0.027504862732471474,0.030220605679494233,0.03182018648633839,0.032082340154203096
2024-09-27,0.036727166445013934,0.03447828563533648,0.03247188420843977,0.02903861156128411,0.027642558089515525,0.03029564264039618,0.03191835517587084,0.03210000754805339
2024-10-01,0.03654017118033623,0.034198310763835796,0.03207828906318638,0.02827250030733556,0.026843734962684215,0.029613519801584484,0.0312773245297049,0.03138071977392526
2024-10-02,0.03656646223039937,0.034281457472384834,0.032256435606486625,0.028479354155988085,0.027057713276195793,0.02963462507743208,0.03122452543924193,0.03133095037304664
2024-10-03,0.036569727758449994,0.03434669230371805,0.03243891164622089,0.029003771498631394,0.027696128586223966,0.030412220792231853,0.032042041976295246,0.03212971793912463
2024-10-04,0.036742359463354975,0.03466127857965953,0.0329151448185353,0.029722555066349358,0.028498929467909315,0.03117718414315621,0.032593701088430474,0.03270906432349035
2024-10-07,0.03741143336335821,0.03570399892368769,0.03429886258998661,0.03133001936628026,0.02982486681732018,0.032184063900892,0.03323077036584264,0.033344599226009394
2024-10-08,0.03756609457056513,0.036029582340290675,0.03476913597597308,0.03170350477107042,0.030141081392243696,0.03241675019256504,0.03332203763438028,0.03345604583542236
2024-10-09,0.03735395320964306,0.03579285534641482,0.034546212781923734,0.03162135831626918,0.030214220975184093,0.032465769113171256,0.03336064666085446,0.03346957178439584
2024-10-10,0.03697924993021483,0.03549409786277995,0.034249722633762886,0.03120318905992686,0.03009548435977733,0.032418478886492956,0.03336857662674909,0.033467860929461045
2024-10-11,0.03647852442174525,0.034944264006874844,0.03366196602587076,0.030746834388984613,0.029628424383560423,0.03234707948256136,0.033417565209290886,0.03351086007061739
2024-10-15,0.0359986189886666,0.034362469826530205,0.033007081498672895,0.030060690081249185,0.02915418891423458,0.032024389622877805,0.03323645701844044,0.03334061982444995
2024-10-16,0.03539699999010086,0.03373179849932459,0.03243560660749712,0.0297764672437389,0.028777413834303045,0.031455529895132374,0.03269957287020522,0.032807223907390055
2024-10-17,0.03537134853159728,0.03364460103112384,0.03229226339936639,0.029491337423522206,0.028541211689272192,0.031156743034975138,0.032323384039919384,0.03241570657209642
2024-10-18,0.03528404489496699,0.03360684064692822,0.03231772652239601,0.029683579212286083,0.028926566523058205,0.03167013615322745,0.0329973006533946,0.03307965146152722
2024-10-21,0.034954014602222465,0.03327262922395354,0.03195686648015189,0.02922812911603972,0.028605641339144474,0.031372018810937125,0.032785007083114576,0.03285982160872588
2024-10-22,0.035014503092480505,0.033423883896661837,0.032003873336000216,0.029824112279152666,0.0294685239134016,0.03231426702153964,0.03371724368449935,0.033777861792894395
2024-10-23,0.03447879611914545,0.03300199521562299,0.03169319083867969,0.029508616958269753,0.029146774544524058,0.032099118830121454,0.033425483530970204,0.03354364881381796
2024-10-24,0.034162956925416696,0.032827782939767604,0.03168367591934115,0.02999472738992856,0.02972931600865003,0.03265904754084913,0.03392670366921497,0.03401466632822383
2024-10-25,0.03442123256459174,0.03311986626673641,0.03203728586883061,0.030490009933054264,0.029877176073915924,0.03263055919352857,0.0335859910180538,0.03366483935276868
2024-10-28,0.03430829608895475,0.03301888044503608,0.03196136315783803,0.030531612775099148,0.03004821301180024,0.03285338806136169,0.03387332270812224,0.033934426148645
2024-10-29,0.03416218084989624,0.03291282950308087,0.031915792980595124,0.030502445029485774,0.030119797525324937,0.03284294768717013,0.033812829346121,0.03383370961478578
2024-10-30,0.034179924620660634,0.03293453248912128,0.03191836023378623,0.030412301619031922,0.03017543319986377,0.032857953045770376,0.03368563131803885,0.0336366254597342
2024-10-31,0.034075576299946425,0.032807094835517296,0.031922168438090176,0.0294912416784147,0.03204712644119312,0.032751233932074617,0.033688453146009406,0.03327000060383099
2024-11-01,0.034020999968234045,0.03281860210337578,0.03184363581923939,0.030314224234620133,0.030061631554307883,0.03247710943219438,0.032920205981268484,0.0327401314877037
2024-11-04,0.03393078617674572,0.03279320043164692,0.03191882345599832,0.030615014804664074,0.03041017707286586,0.03302924568669105,0.033401118005084704,0.033311886079294944
2024-11-05,0.033873475558456476,0.03273103299177436,0.03188014718912348,0.030577000098493196,0.030227203285045655,0.0325898803077034,0.03279038053111955,0.03273368774416272
2024-11-06,0.03391174431698271,0.032905972868172206,0.03219371479741325,0.030987980018226176,0.030569666875952466,0.03267982547201105,0.03272075430329047,0.03261164939708967
2024-11-07,0.03394277528039774,0.03295609730037076,0.03226352672076097,0.031166622006022632,0.031030244601490366,0.0333246351985642,0.03329944080053585,0.03321388292178712
2024-11-08,0.03381853514626364,0.032805454698525985,0.03196309634454024,0.03031772362771261,0.030126954093165525,0.03238263672171162,0.03240062221514278,0.032264622187407895
2024-11-12,0.033815762415771854,0.032729347933320566,0.03188211591872829,0.030363639550968456,0.02995861906523266,0.03200168848352489,0.03195461859296439,0.03180275358796371
2024-11-13,0.033860815635314054,0.03294740478041079,0.032342522093154906,0.031203330623498733,0.0309622262061137,0.032858827701563766,0.032439292383613635,0.032222501464969494
2024-11-14,0.03377057635722295,0.032844765648725634,0.03225122391027947,0.031175109531719182,0.031190894028449913,0.033300485015066814,0.03309825987890839,0.03285674761740344
2024-11-15,0.0337913189584759,0.032844755055943295,0.03229055381783124,0.03130138589807859,0.031046227381510763,0.03297845885411804,0.032900396195592485,0.03263199715927699
2024-11-18,0.03380435933525902,0.03283545893193215,0.03219131997848292,0.030884437524673465,0.030741291266129258,0.032869271820055605,0.032964914667606995,0.03276630812214572
2024-11-19,0.0337429361304026,0.03285647781641298,0.03231005337793791,0.03107921845591897,0.030806950625606636,0.03295200483516785,0.03316899471665409,0.03299408527556569
2024-11-20,0.033663946563319364,0.03293745479534983,0.03236324933257108,0.03154264776710948,0.031301918624389975,0.033438106808062695,0.033736839036896775,0.03356498039578085
2024-11-21,0.03358287758401091,0.03296005004075671,0.03251281672810808,0.03204295760821041,0.03179266393718467,0.03395306761760804,0.03424713226704114,0.03404356093405073
2024-11-22,0.03396536223039937,0.03339835747238484,0.03306933560648662,0.03323005415598808,0.03286691327619579,0.03478842507743208,0.03491852543924193,0.03466705037304664
2024-11-25,0.03392748213396074,0.0334137847083203,0.03308254127061304,0.03285206095928149,0.032560435021316496,0.03442818137270355,0.03431060846715273,0.03402096994500553
2024-11-26,0.03385065810847104,0.03332387453990106,0.0329161271606543,0.03202738944818224,0.03157372135739449,0.03326988921751438,0.03328794227947425,0.03291399480549843
2024-11-27,0.033598577676697154,0.03301439527122458,0.03256495688422892,0.03156945030570059,0.031008116831703108,0.032822449320654444,0.032899778843902376,0.03256226254150926
2024-11-28,0.03349660399747613,0.03286503980539169,0.032377004108950856,0.031333296244935784,0.030724670578590758,0.032487163589065685,0.03268274256417494,0.03237238544779339
2024-11-29,0.033279517960794036,0.03260955391674557,0.03209068288875977,0.030969709234805284,0.030472227821803165,0.0322045805835456,0.03241475073905566,0.03214867189691946
2024-12-02,0.03282843468283242,0.032127028546186646,0.03142509556393606,0.02953996014026166,0.029076489620573374,0.030851428206479615,0.031150589330836625,0.03094271415011523
2024-12-03,0.0327340942706396,0.03204265025293827,0.03140924471935284,0.029757883669481087,0.02919344042869324,0.03074878462048785,0.030972231014859852,0.030885548593360408
2024-12-04,0.032561918459634964,0.03195825448634442,0.031459968353295495,0.029996197566441934,0.02952897760165696,0.031300419718831816,0.03152752346732407,0.031538034528098224
2024-12-05,0.03210744272777367,0.03154822592890775,0.030991718247685204,0.02919612232582603,0.028688464641872635,0.030667826363105985,0.030999589541624007,0.031156259896094843
2024-12-06,0.03193519559843771,0.03135309825007532,0.03078263458588622,0.029273585617514333,0.028751242484675116,0.03052075923189725,0.030984943913765068,0.031173793762952852
2024-12-09,0.03106248633503239,0.030365834849961224,0.029678975976892372,0.02787303652951057,0.027599176807369754,0.029654188778551423,0.030554265248756138,0.03085736494581253
2024-12-10,0.030858385607085356,0.030242251027529008,0.029655168623599494,0.028289076784656,0.02813395667848878,0.03024534531129642,0.0311771655888918,0.03148401426034401
2024-12-11,0.0310381419206833,0.030445974897318373,0.02986998463394529,0.02836305171854821,0.028273094645739714,0.030468311349920795,0.03139121625992394,0.03169686977736752
2024-12-12,0.031065872606039602,0.03054776363811333,0.030059976088930497,0.0289313156138741,0.028757313687722334,0.03109297596733473,0.03165156302658564,0.03192899847968936
2024-12-13,0.031073709324325606,0.030605110733957736,0.030182434584354056,0.029356066020114077,0.02932945012613167,0.03167756158858662,0.03216113122313863,0.03235936191230254
2024-12-16,0.031126450107263417,0.03072736994907758,0.03037914605342063,0.02967351328085541,0.029627410896085532,0.031919131986763986,0.03240297584656033,0.03260023389889151
2024-12-17,0.031167341792587337,0.03078525524959098,0.030444359793892904,0.029584934176872316,0.029524956443959655,0.03195969902682019,0.03242482983910047,0.0326730135760229
2024-12-18,0.030910544188886755,0.030542653220444804,0.030222489957360862,0.02939186247655028,0.029354928674172387,0.03150871314891043,0.031936767882466986,0.032104293195745044
2024-12-19,0.03113719337918688,0.030762072365519127,0.030472727842076008,0.030006481538764906,0.030274096790770564,0.03229759821007802,0.032327305090209785,0.03244908711266115
2024-12-20,0.031312694919443294,0.031022366866213336,0.03078822581219869,0.0303406325519124,0.03111561069032226,0.03358855654181267,0.033624257052888476,0.03373755984557014
2024-12-23,0.031259757309704574,0.030948941882949783,0.03067675043949832,0.029999080014956252,0.030478430613990238,0.03291838451015097,0.03319536293168541,0.033330734932257716
2024-12-24,0.03125953696457879,0.03093538489062379,0.030629414783025444,0.029804352733330673,0.03044152667627253,0.033051240162585475,0.03340951390840517,0.03352679974269249
2024-12-27,0.031149981220641214,0.03083241042495235,0.030537253605078477,0.029737815819446532,0.030479509103398663,0.03310617449935573,0.033540315653565925,0.03366231604461993
2024-12-30,0.03097957494506249,0.030542890795758816,0.030198750780209168,0.029570076060247582,0.030390818330678283,0.033242439006432783,0.033903494337053176,0.03397873108583907
2024-12-31,0.030850451184088613,0.03042193829743246,0.030028943242939133,0.02910840080655197,0.02979876032304507,0.03260888180326661,0.03341609492493287,0.033392498594507825
2025-01-02,0.030669052596249073,0.03014381315039928,0.029674716373009426,0.028621334278023568,0.02956263602081671,0.032304327811900645,0.033171360466788084,0.03317591512607219
2025-01-03,0.0305173504998752,0.029985947266897867,0.02953367746616172,0.02863582707993494,0.029398604754154414,0.03225467926188759,0.033036629042941995,0.03309033274841199
2025-01-06,0.030422901565766994,0.029892267417278334,0.02947348926155135,0.028604143101072108,0.029584313041116382,0.032341718846921226,0.03331156467684616,0.03338505123418514
2025-01-07,0.0304070037194174,0.029922004113988092,0.029471483640588346,0.028403118152465216,0.029551011895035464,0.03238851847992647,0.033274602833591245,0.03340848062541778
2025-01-08,0.030425012369428725,0.029947525318086636,0.029557845840667868,0.02873364320222336,0.03007519261797344,0.03306454763200168,0.03389189530453377,0.03402675278423444
2025-01-09,0.030377690576732775,0.029946119055534296,0.029581552370193154,0.02877945760494048,0.030213927675222456,0.03324252665574796,0.03404954089543608,0.034180946469218765
2025-01-10,0.030521078339043772,0.03008508990581037,0.029718851872748597,0.02905048102319885,0.030519490120598614,0.03375823139909548,0.034569277836956507,0.03468713596791875
2025-01-13,0.031022706314632213,0.030715970567088368,0.030573708011971786,0.0302587136821905,0.03175319294155155,0.03459970616522575,0.035220406985705735,0.03532372563425674
2025-01-14,0.031091531659596116,0.030845310358006563,0.03068395509587998,0.030673625967271155,0.03219802940872676,0.03495166262600253,0.03541869213837821,0.03554051569786968
2025-01-15,0.031104579552288833,0.030945196276530737,0.030845930794903404,0.030803247264623138,0.03264495700206689,0.03540530384452049,0.03586747727006376,0.03595088711036631
2025-01-16,0.03053636206689369,0.03036156340739791,0.03019422608250268,0.02960751177012647,0.031222389767154086,0.034097882134277266,0.034979099174456206,0.035065739577815926
2025-01-17,0.03022820359132144,0.029955684466260697,0.029680358800535957,0.02885450061078932,0.030387673693255395,0.033397706156825864,0.03428901641276775,0.03438212442407315
2025-01-20,0.030150011998683755,0.029895444396215165,0.02962308521618452,0.028692772412262608,0.030085781039899714,0.03308512081981607,0.03397000899708886,0.0340616463544003
2025-01-21,0.030102870010824786,0.029883797185013047,0.029609151717547057,0.028503220084148812,0.029801532641206236,0.03279608828203546,0.033745058874471136,0.033827253470850395
2025-01-22,0.029930195903582254,0.02963628998410035,0.029374782845596352,0.028592527380118773,0.029733107222763372,0.032596824655268884,0.03357852955439978,0.03365992293372793
2025-01-23,0.030084866908445147,0.02980161178767581,0.02959178498904395,0.029024475048735048,0.030236222562107687,0.03310545115562819,0.03412628806017701,0.03418631558534606
2025-01-24,0.029788518944932993,0.029531077034632577,0.02933893992215743,0.028749304063011648,0.03019852435424428,0.03318444869700183,0.034369423240566965,0.03457443498507726
2025-01-27,0.02960827053153253,0.029389994150560723,0.029172307970340528,0.028328851424904235,0.029725564701055193,0.032729947880259666,0.03397039849167628,0.03416410852171552
2025-01-28,0.029182661788834958,0.028987227715994317,0.028772405614140167,0.02783493367765591,0.028985231083598788,0.03188033702513806,0.03321015944387251,0.03347903475544031
2025-01-29,0.028894172649773214,0.028705656430010957,0.028476517665445976,0.02748090163211164,0.02880527824771264,0.03189081689321071,0.03326919680445911,0.03355718331906206
2025-01-30,0.028631500974239818,0.02847142161721161,0.028245163640894775,0.027242662071945267,0.02869341036674415,0.03183649800858861,0.03317484537171651,0.03350098699554784
2025-01-31,0.02833140743519103,0.028132031707340865,0.027852546778005756,0.02662328722612459,0.027899206928501404,0.031157496907604346,0.03259245984195175,0.032917675169245764
2025-02-03,0.027279933080080473,0.026958603585611474,0.0266224851185342,0.025518620612794585,0.027081084359227067,0.030450718940458338,0.03204315161414465,0.03235206247492066
2025-02-04,0.02727129201597905,0.02691204995112255,0.026541853291611076,0.025424154746545954,0.02672920942752705,0.030097692978614417,0.03170245234734232,0.03204418734918262
2025-02-05,0.027402930097472886,0.026986219461363533,0.026596886337499556,0.025509531945004882,0.02679053322917991,0.03012148383132991,0.03160107328676278,0.03199225054527434
2025-02-06,0.027378230803553116,0.026953206887846942,0.02654072290253471,0.025317348680740683,0.02639737107806573,0.02964080683564692,0.031149806057690386,0.03156960881105652
2025-02-07,0.027802749264763327,0.027375944500228684,0.026956627755749175,0.02572961782939188,0.026784855592690976,0.030023586353524596,0.03157216272089801,0.03193818918627808
2025-02-10,0.027815677826659932,0.02748591131490079,0.02723265251253905,0.026331410856495263,0.027510837313478333,0.030767382106693046,0.03228753215366259,0.03270701116254024
2025-02-11,0.02776754314747127,0.027406759289349453,0.027113777451773912,0.02619439979503943,0.027477164554474482,0.030755493952462017,0.0323866886480567,0.03279908309401481
2025-02-12,0.02791552114753602,0.027624366169912578,0.027419232880799786,0.026690685793657402,0.02800051154269148,0.031233289107177497,0.032778274196299806,0.03319468114439573
2025-02-13,0.02800341994261486,0.027765978173830305,0.0277034108512289,0.027334680726284956,0.028785023913951872,0.03198162696757426,0.033444068697103785,0.03382906024743478
2025-02-14,0.02798167811826157,0.02771742502761511,0.02756918687657537,0.026940570784032766,0.028195299024300114,0.03126913737294846,0.0327870448392718,0.03314787815911559
2025-02-18,0.02808581631952747,0.02783569581094539,0.027641587869932323,0.026918704350115764,0.028195181775004366,0.03121983024294279,0.03280245826560451,0.03317516731106533
2025-02-19,0.028399091967026422,0.028200297512552302,0.02812645471200571,0.027669848067293307,0.029062521092998932,0.032131652201444,0.03342883954835456,0.03386027058109679
2025-02-20,0.028419951669386642,0.028196860845720605,0.028030514811801056,0.027479107303121683,0.028818207075632388,0.03189411078143661,0.03335779469817576,0.033763299051486846
2025-02-21,0.028613477434048146,0.028375833997080515,0.028007521099797962,0.025097297057415736,0.02950854345540945,0.03224383483156944,0.033530878957280935,0.03427371231301976
2025-02-24,0.02836708808774711,0.028075675854212605,0.027810682050604357,0.026952936607772322,0.028162102550491286,0.0311833308306113,0.03278485627520832,0.033120165242038084
2025-02-25,0.02821615763149692,0.02791547036625101,0.027560212484376304,0.026321244125664355,0.027575753857535842,0.030702170545166153,0.03249373644014258,0.03281552459400601
2025-02-26,0.02790184632067035,0.02754309352120575,0.02718741354814012,0.026062794518824622,0.027055145248096317,0.0300502923189777,0.03177493915027533,0.03212313016729134
2025-02-27,0.02785474591451566,0.027497838182074755,0.02714886823972522,0.026091798884678157,0.027059648362760955,0.029921034886737884,0.03166611299886815,0.0320059691435711
2025-02-28,0.02756911658404329,0.027153353481038277,0.02680609444262102,0.02585310060751939,0.026824937431293175,0.02982116519496578,0.03168942504116269,0.03204870995924119
2025-03-03,0.027479283559664103,0.026928637582597833,0.026454128296357144,0.02529627626582002,0.02617811374635462,0.029181137538453788,0.031149046964033467,0.03148344865076964
2025-03-04,0.02687055539348417,0.026339406813711486,0.025669034841802392,0.02375663755083289,0.024728881361826993,0.02790969951493627,0.030139145640447493,0.030491823840801444
2025-03-05,0.026466104032885848,0.02586221422265122,0.025364788792882405,0.024335021089121493,0.025551255885852404,0.02877329420911989,0.031035482408137176,0.03142594004167947
2025-03-06,0.026916682610934863,0.026426588881970352,0.026034855946891037,0.02514830628179936,0.02649210252117514,0.02982300004505177,0.031796814306484414,0.03221684015649795
2025-03-07,0.027153639881585947,0.026812179827025297,0.026598201199286874,0.025962312373764063,0.02739343096633422,0.03092531388289994,0.03290919156897684,0.03332273441327976
2025-03-10,0.026766565853486753,0.026392839835269747,0.026138058587783192,0.025462930532157264,0.026960655415143295,0.03042002180206355,0.0324553358707412,0.032874943309416094
2025-03-11,0.02635156606072605,0.025915626692154296,0.025588609688282606,0.024769858936256415,0.02630444348417532,0.02987940567109435,0.032141295913400404,0.03257293894401951
2025-03-12,0.026227510365741093,0.02572870466505309,0.025323847089940996,0.024928628701624923,0.026639914245829573,0.030288180785035028,0.03246711045754892,0.03296117201403278
2025-03-13,0.026399044595041447,0.026051008559575803,0.025785835265775763,0.025545258110696745,0.02737642555950776,0.030960470581150253,0.03310699403387416,0.03351855421946527
2025-03-14,0.02630149796454642,0.02589918145034223,0.02560193706851251,0.025314909734021687,0.027011553182164028,0.030613342585227736,0.03279532113428362,0.03317735071750204
2025-03-17,0.026319626774311038,0.025907369185831034,0.02560865461282323,0.025396876670425034,0.027209132053782847,0.030838052678775627,0.03296626947478394,0.033349854850966844
2025-03-18,0.026346255712171626,0.025914076569047234,0.025604296997186346,0.025291861148504274,0.026976349127181744,0.030476675095424125,0.03259500423610773,0.032970415185776265
2025-03-19,0.02635457654259543,0.025938056109661364,0.025612104222521137,0.02512119492669956,0.026875999817486774,0.030491648421159624,0.03253335303263085,0.03291135083232051
2025-03-20,0.02635915189016885,0.02590102572391587,0.025518379807974282,0.024861917542287768,0.026586198171930895,0.03023740480758363,0.032288427695860475,0.03264795686029001
2025-03-21,0.02630646447673601,0.02584593939956245,0.025489670141644445,0.02499302190487137,0.026674265024633305,0.030253406413483726,0.03236701017284824,0.032738081371737816
2025-03-24,0.026257903234119376,0.025797481565699946,0.02545021207172642,0.025008411655895506,0.02675326514244815,0.03036288950175647,0.03247330306034834,0.032852580168438755
2025-03-25,0.02628830578038156,0.025844195580229976,0.0255344378635045,0.025145500506368136,0.02705125785443612,0.030831836409885325,0.03284529441347508,0.033232608409191886
2025-03-26,0.026293129762137633,0.025868112956751593,0.02562361039694776,0.02544978599922984,0.027294206958367824,0.030941087639198502,0.0329264268232801,0.03331129870932629
2025-03-27,0.026339409381602133,0.02598648154716608,0.025827790056543336,0.025788933873418553,0.027697017713388467,0.0314561126715788,0.033418037956037615,0.03386230892587499
2025-03-28,0.026252831452356823,0.02584422350112201,0.025574403995380576,0.025272297563172008,0.02732734133969475,0.03122757875697174,0.033305532095719,0.033757520063266266
2025-03-31,0.026074920984030345,0.025582572104925653,0.025206523356815842,0.024695343407795792,0.02663358803364977,0.030421046164022678,0.032624247931514076,0.03310017034916501
2025-04-01,0.025962837820621785,0.025398088360783413,0.02496254697637072,0.024344130019861143,0.02622088500693357,0.029993795952941094,0.032148899989093,0.03263640662950566
2025-04-02,0.025813169768175777,0.02517313591086898,0.024701215933116097,0.02405476683586396,0.02580405926491259,0.029506973792950447,0.031669058987849684,0.03217810324236089
2025-04-03,0.025795622895031733,0.02518564752749133,0.024752181951421877,0.02419806521090405,0.0259696135112752,0.029665831307942935,0.031833886201637705,0.03234064951190813
2025-04-04,0.02537844113024073,0.024614960615005198,0.02414436480537323,0.023595203459374058,0.02541158315506414,0.02951251694837915,0.032188830846046325,0.03275064014961341
2025-04-07,0.025022986825549424,0.02428981704492199,0.023906404548844188,0.02361616368709539,0.02535274733449488,0.029241617608015868,0.031817644043113325,0.03241339733150469
2025-04-08,0.025416590241397516,0.02482451255092236,0.024591176429641353,0.02454141165916543,0.026646401404410366,0.030831130463616553,0.0333276944319534,0.03393849463327073
2025-04-09,0.026065528897770734,0.025527891111953874,0.025206321311018562,0.024916147538647536,0.027314069374978107,0.03180792154302112,0.034410946808681044,0.03491546157702652
2025-04-10,0.026444100638904566,0.026111015112599667,0.025991987700342976,0.025974716126170225,0.02809478409593207,0.0320318018164572,0.03432139890823385,0.0349320351595998
2025-04-11,0.026374553373148736,0.02608594941140174,0.026048722305907678,0.026162600702130785,0.028371244484225795,0.032633612056326075,0.03521017292564019,0.03582558257962656
2025-04-14,0.0264421908547915,0.026170854746937904,0.026238572838555668,0.026634035697411042,0.028866486358777754,0.03294547176488716,0.035324680626019775,0.035943251291594376
2025-04-15,0.026207392637696933,0.025866210521776185,0.02573840659310931,0.025592939958843392,0.02756147363462311,0.03156424458570681,0.03413703247531992,0.03479527425299287
2025-04-16,0.026103345742686083,0.025689025742449738,0.02549960182315736,0.025342595324764718,0.02752964560099057,0.031636481637761296,0.0342293928001712,0.03489252810285379
2025-04-17,0.026113862358495322,0.025656877120112227,0.025424160446539,0.025154671697663975,0.02720095147797586,0.03127603740053269,0.033864811860065416,0.034565406574391264
2025-04-21,0.026053741364565838,0.025535703514511173,0.02528984369722027,0.02511489553360708,0.027494177278629125,0.03170362113164237,0.03429123679875656,0.035009460132616306
2025-04-22,0.026051132193846766,0.02554868534486495,0.02541932524434727,0.025456539143093513,0.028191464495842204,0.03285523238134297,0.03550320471060886,0.036327032922934537
2025-04-23,0.026103678917028042,0.025670957684566387,0.025521363597731356,0.025430480217258754,0.02792708976770436,0.032349742080311876,0.03513132418706065,0.03591983803235631
2025-04-24,0.02610972018526387,0.02572163944797437,0.025755846635659864,0.026053633974569806,0.02851109729024552,0.03264324145665927,0.03518706858372523,0.035949910475924295
2025-04-25,0.026091138041403995,0.02566475323897867,0.02563741197254394,0.025778840259027228,0.028121676103232077,0.0322559899790881,0.03490773298677771,0.03565716443830881
2025-04-28,0.026033182390152655,0.025599824003775095,0.025587190950717813,0.025719796042633275,0.027989911424876637,0.03214490601890476,0.0348378813087997,0.035575382347694785
2025-04-29,0.02609236783530758,0.02561926409235448,0.025518586550252322,0.025504102023636937,0.027816851507292004,0.03203136818609222,0.034775353828789324,0.0355162316599314
2025-04-30,0.025996208119404448,0.025522622737875467,0.02536231255478317,0.02521366095274162,0.027465862497392066,0.03159419944898338,0.034336325723942615,0.0350505410153416
2025-05-01,0.025796130190159135,0.0252459646918314,0.024932726493620397,0.02455492464249507,0.026877186123698334,0.03114746553437631,0.03404211986362401,0.03472725215273287
2025-05-02,0.0258122095096981,0.02528140119489347,0.02507231489659573,0.024884151415094456,0.02721715591516854,0.031466424994679415,0.03432152437686109,0.035033365127219614
2025-05-05,0.02589121119991728,0.025491511739263888,0.025370908495028537,0.025330962979036618,0.02795229029649546,0.032185216112452654,0.03475822964930001,0.03547578648115958
2025-05-06,0.025844902642592198,0.02541153576563322,0.025353686451069845,0.02540023062676866,0.027921462468075926,0.03215026866342384,0.0347864837552187,0.03551361592980146
2025-05-07,0.025906835203540167,0.025472025511734313,0.025116051816729535,0.02512289148101709,0.027642221680422324,0.03189268780470383,0.034588528948041763,0.03534966920098034
2025-05-08,0.025824331359670577,0.02542437827065415,0.02508586383925973,0.024934704865681816,0.027253388445176316,0.031381197053925336,0.03399178551885777,0.03475981845580772
2025-05-09,0.02595129352914965,0.02562938840919533,0.025406923470386138,0.025660942089559574,0.02820221727254579,0.03236613099611663,0.034710458399969994,0.03548243573369213
2025-05-12,0.025748224007266653,0.025333090293105744,0.025026463824871927,0.025161377580786307,0.027728348245496384,0.032014811744499765,0.03447934512397248,0.03521836880141055
2025-05-13,0.025847317140160753,0.025518724863845477,0.025346235379346042,0.025748056792460523,0.028236054798403763,0.03244045541324419,0.03473270450233008,0.0355321196039924
2025-05-14,0.02573392101944006,0.025470446522185178,0.025343808040747397,0.025751868251981506,0.028335773340911412,0.03260527678407689,0.03490658777547632,0.0357512249430511
2025-05-15,0.025551392416914728,0.02526064564358093,0.025134041596936087,0.02569082971967731,0.028527182538324605,0.0328826505595598,0.035200799477635214,0.03610631644418971
2025-05-16,0.025453683837722833,0.025121773274001433,0.024922948764719656,0.025198754358290585,0.027766672429909916,0.031989582647593,0.034452886694617164,0.035438353473145244
2025-05-20,0.02580232255137258,0.0254730226482413,0.025265949118286155,0.02557705809107717,0.02823800798773444,0.03241962480998975,0.034659745804243795,0.03562416743047349
2025-05-21,0.02586952837184399,0.02569773449973358,0.025682808055135207,0.02618629553687701,0.02897581354059135,0.033332162093502454,0.035583928170361614,0.036569174597448274
2025-05-22,0.02606634801088954,0.02594890406557617,0.026052107146572932,0.026911706082766784,0.02988977962942324,0.034277683436750944,0.036391444422714234,0.037315351521231305
2025-05-23,0.026045110215778322,0.025889588621376875,0.025966051461630873,0.026854668150830253,0.02984439376405436,0.034057547998996435,0.03615045714778871,0.0370664233930018
2025-05-26,0.026023883837722837,0.02584457327400144,0.025919248764719658,0.026757754358290583,0.029564572429909907,0.033776182647593,0.03591438669461717,0.03684755347314524
2025-05-27,0.026054854692622954,0.0258537790339007,0.025910855279857134,0.026641841476112198,0.029402567287479,0.033623076361913695,0.035784591890634175,0.03667969750373239
2025-05-28,0.026061949586555673,0.02582247298352991,0.02580688980062716,0.02634518194009999,0.028950878836236586,0.03296877238853979,0.03516523622935519,0.03599047884802639
2025-05-29,0.025879557238885135,0.02560689304843073,0.025553281071635216,0.025952930326584835,0.028615859999466964,0.03276382327004255,0.03500038324376091,0.03585042574448552
2025-05-30,0.025911275836515205,0.025661168683177957,0.02559516765748599,0.025863478190963757,0.02843156196860095,0.03252222541684261,0.03468972026170324,0.03549889256653832
2025-06-02,0.025943761096297636,0.025696418310821617,0.02558798294477883,0.025836098776987046,0.028226096261979458,0.03252182417793725,0.03443349962797041,0.03528463866385787
2025-06-03,0.02594906583161994,0.02563914343932093,0.025502287799525455,0.025679687523038494,0.02845197313514815,0.03269640133912556,0.03475936898180447,0.03552375088972974
2025-06-04,0.026006180792619717,0.02573295868987254,0.02568193750840584,0.0261558771761813,0.028844529938068145,0.033173196604177925,0.03503232261322202,0.03594116260121334
2025-06-05,0.02615718400122851,0.025906367338988358,0.025825258288703596,0.02605849674415219,0.028684595938951618,0.03286772559074781,0.03485091295940289,0.03568966426837596
2025-06-06,0.026222706058440286,0.025949631271633578,0.02576175833186701,0.0261003785988387,0.028756716537991413,0.03288848151902453,0.03480403414405877,0.035629013231567495
2025-06-09,0.02655271982806181,0.02638393654741362,0.02632489990685033,0.02709844501967599,0.029894688739438284,0.033986724801589874,0.03556305523130582,0.03638816622028989
2025-06-10,0.02655387106578318,0.026374869137419116,0.026312178118807813,0.0269972646007266,0.029852299788170628,0.034107417635600094,0.03587741106390694,0.03673852574678037
2025-06-11,0.02649462055600885,0.026302620369845847,0.026239207260143213,0.026891904764530565,0.02962840886831926,0.03385276826884488,0.03568535489117016,0.03652531690575843
2025-06-12,0.026449432807240752,0.026238827540880486,0.02616142165326158,0.026718363181339123,0.029555549450209585,0.033847973682613566,0.03593969090467525,0.036758689581258185
2025-06-13,0.026378952596249075,0.026179813150399283,0.02612941637300943,0.026703834278023576,0.02945023602081671,0.03374002781190065,0.035885560466788084,0.03670031512607219
2025-06-16,0.026603538968266425,0.026366405543657344,0.02633291353375231,0.027203667233929113,0.029950005048416384,0.03428500700955212,0.03621889875539003,0.03706078051289416
2025-06-17,0.026638469710899247,0.026435365097660632,0.026431660460926806,0.027241598982559474,0.03016459167765579,0.03452272270995826,0.0365225522549507,0.03732555622878844
2025-06-18,0.026623779773071038,0.026450261154726,0.026428295791076632,0.026962857503789225,0.029861548098365397,0.0341494978706675,0.036354610267748465,0.03709054491916948
2025-06-19,0.026654192302361678,0.026472304017164244,0.02641733065255751,0.02679639401306835,0.029571747363811022,0.0338230483935754,0.03600298601183724,0.03672922241704483
2025-06-20,0.026548582540115426,0.0263386400474513,0.026268486579027934,0.026694956593427948,0.029431831906651863,0.03375693880494337,0.03580583461855991,0.03657463096872576
2025-06-23,0.02648526974630897,0.026225839514920163,0.02611584514485836,0.026467723826745188,0.029274976984917437,0.03358905333001246,0.035768792098912955,0.03643461082267453
2025-06-24,0.026395389870652545,0.026081631629050892,0.025909915805158005,0.02609344086920468,0.02884888982633664,0.03323590365143094,0.03549590812450848,0.036171888203436586
2025-06-25,0.026483260818238905,0.026167982619418016,0.025975462476416317,0.026104220684516476,0.028842537578424157,0.03318627906879804,0.03554765989738671,0.036228833841482275
2025-06-26,0.02639673117429809,0.026130187809718416,0.026046183527018058,0.02644991947070144,0.029271882656139454,0.03367183364783253,0.03603679236513531,0.036730215240890665
2025-06-27,0.026309785342569534,0.026013393357436118,0.025877362050910797,0.026129680527252376,0.028953801022199972,0.033495410359273434,0.03592459881333361,0.036591771612168145
2025-06-30,0.026309490519456247,0.025976848242325958,0.025820296898003862,0.026068089751635996,0.02888226008796566,0.03342887557275576,0.0358667341625371,0.03649529945564633
2025-07-02,0.026294164234086995,0.025957678125418385,0.025795034357213482,0.025967668656586514,0.02857759164833965,0.03311599192439873,0.03542411028622679,0.03607883114324831
2025-07-03,0.02635838664017694,0.026063526583986262,0.026058924236602516,0.026626678292115017,0.029389041545458017,0.03383635420192306,0.03627425088939086,0.03687899411658762
2025-07-04,0.026304583802313115,0.026076998856741914,0.026142264080788107,0.026828929514104878,0.02961158712264827,0.03404645202753879,0.03644594685065492,0.03706259887925915
2025-07-07,0.02630179033408376,0.02608245778139022,0.02613191658576219,0.02669550435665562,0.029414454298928798,0.03378961216666296,0.03630284100881463,0.03686039624072926
2025-07-08,0.02638580689261648,0.026192438345844386,0.02611531973695455,0.0268899128762504,0.0297483925886573,0.03435421684644216,0.036828053335809866,0.0374473276986943
2025-07-09,0.0263465511486789,0.026128563880172935,0.026059858559007578,0.02696537596236626,0.029879175015783438,0.034554551183212406,0.03698345508097061,0.03765744400062174
2025-07-10,0.02638713200847428,0.026180694883929212,0.026058644932105596,0.02656265374811314,0.029461958706805336,0.03402006897525015,0.03656571155688641,0.03720702970801747
2025-07-11,0.026390929391392662,0.026187332034880127,0.02612294977246441,0.026866315209269083,0.0297507953802941,0.034356460827012894,0.036871440515835165,0.03755809227949215
2025-07-14,0.02661679939024978,0.026477834324619767,0.026500524094256617,0.027524925040560227,0.030696731907202134,0.035424898750977984,0.037878259631164354,0.03860762942326615
2025-07-15,0.026763693171947583,0.026618285508634574,0.026672876741576593,0.027654453134665757,0.030820108721738546,0.03548901434104723,0.03809134504755058,0.03878159147805773
2025-07-16,0.027015748624283523,0.026989746261591712,0.027118703555487237,0.028207530121012396,0.031532664583790636,0.03622932473802154,0.03862873061678061,0.03935140817955496
2025-07-17,0.026920946285260632,0.026888819103946228,0.02700702886420857,0.02797456967463891,0.031294659940834677,0.036010661698923495,0.03853619930631308,0.039207475573405245
2025-07-18,0.0268800354815989,0.026829261203137913,0.026960872285092044,0.028002169573487654,0.031295880363977624,0.035921332913843036,0.03850466867862545,0.039166874023355946
2025-07-21,0.026983504310944578,0.026951049914054823,0.027110109261244922,0.02822669918159206,0.03141521456940769,0.036129539318259095,0.03861492213872088,0.03928784486405508
2025-07-22,0.027002557923098552,0.02694568407896533,0.027060346848412624,0.027894104053201856,0.030861015568357623,0.03545922581142158,0.037984349125751785,0.03867199159058136
2025-07-23,0.026990637057265038,0.026905530121091658,0.027001254939146284,0.027776645430820868,0.030723979570790965,0.035325021865631884,0.037846860485266406,0.03851330135015103
2025-07-24,0.027127810158501797,0.027061917808168544,0.02722619598944159,0.02822990029752577,0.031349626176797554,0.035957896916004234,0.038486150414889723,0.039162676379429356
2025-07-25,0.02706174465231797,0.026994779372784137,0.027172790737965045,0.02811882596400122,0.031266493146764544,0.03575202166414245,0.03831680076677315,0.038965101233037716
2025-07-28,0.027041868669483767,0.02696747116656529,0.02713584795533986,0.028033936301048633,0.031108127557957894,0.035511503513509846,0.03813347302054042,0.03877654612705821
2025-07-29,0.027104383687760067,0.027001657230325226,0.027168853136409533,0.028006393807495915,0.031086651948134682,0.035567849861554396,0.03815643338485694,0.03881430485211426
2025-07-30,0.027104289777966303,0.027024786398583026,0.027099375649037173,0.027605748171714493,0.030595236931818214,0.034994021948384545,0.03764236154764724,0.03825938659597805
2025-07-31,0.027063193379186876,0.027005872365519122,0.027142127842076005,0.0277708815387649,0.03075599679077056,0.035135898210078016,0.03776240509020978,0.03837738711266115
2025-08-01,0.02686736782176467,0.02682358607104377,0.026918772654578513,0.02736952018857,0.030254448480025523,0.034606758028976004,0.03712368087376381,0.037790469485731656
2025-08-05,0.026743228592626192,0.02656929937792885,0.02655137305130843,0.026860105776043097,0.029737504636889844,0.034139356119649474,0.03681916116804633,0.03744993240625144
2025-08-06,0.026612676913340405,0.02652453703153284,0.026464064847004486,0.026817665716660315,0.029711411395560498,0.034096275233345234,0.03683813934007578,0.03747465726215464
2025-08-07,0.026629677006026645,0.026542882262000703,0.026491905003125326,0.026851858414150505,0.02976196429007893,0.03426735693639163,0.037165385916937015,0.03783985886961318
2025-08-08,0.026517719964481667,0.02643787456977912,0.02638328163948664,0.02669282373540372,0.029607106193947023,0.03411154743051226,0.03712183558604052,0.03780565266712113
2025-08-11,0.026521758236567005,0.02642839418762845,0.026357952000706685,0.026657106989858133,0.029627959559174556,0.03423320154061499,0.037326728700297726,0.03802255100684304
2025-08-12,0.026525436408461334,0.02640471350781659,0.026343873846300422,0.026704496548389543,0.029662509309161936,0.034254949944307056,0.03735973444723778,0.03808369009794129
2025-08-13,0.026522863770655776,0.02640415197307905,0.026393233576609297,0.026934305169135576,0.03000122717574749,0.03471568340916672,0.03792637740192063,0.03864512310595563
2025-08-14,0.02646610572310503,0.026314924767021637,0.026271382391315212,0.02671913265306366,0.029666690267179323,0.034296185326893124,0.03757038768057609,0.038261761395619445
2025-08-15,0.026471772292571156,0.026324653529450202,0.02603037093663644,0.024263212677217826,0.030000469696905403,0.034439700238141316,0.037729583452039694,0.03849353906342766
2025-08-18,0.026551829519488618,0.026424151682607516,0.026453774612516797,0.02715213275094498,0.030243733582074158,0.035072673150113504,0.03840142693665864,0.03913514848083678
2025-08-19,0.02655602532674087,0.02645801991560469,0.026537996798821385,0.027261318354767725,0.030454971048749578,0.035336976050087385,0.03876716408896647,0.039515383725516384
2025-08-20,0.026476663863342024,0.026337797203546915,0.026351573732730137,0.026916397866625762,0.030039780070265924,0.034839065112213116,0.03835942397878186,0.039109624713414164
2025-08-21,0.02646375333773902,0.026325874994142216,0.026227737621976124,0.026868275857945077,0.02996945917696416,0.03484058143627186,0.03825223308167794,0.03906012798574046
2025-08-22,0.026480679309639824,0.026353435002386662,0.02628499501047244,0.02714659401633828,0.030280283625773237,0.03516478935543548,0.038460677383442304,0.0393007368818768
2025-08-25,0.026479583723169782,0.026337831647584756,0.02624813782034108,0.026895218651681624,0.029999837255396324,0.03490368048160861,0.0382366732288192,0.03905485944600036
2025-08-26,0.02650331597064931,0.026349411285022738,0.026286898033706714,0.027064876569273782,0.030210352476925793,0.035186623893695174,0.03848253884709631,0.03934385330091754
2025-08-27,0.02653539519750203,0.026353902557616937,0.026252146280561203,0.026828910644382968,0.02997316937387756,0.03504630165095188,0.03845459678347217,0.039355864667945745
2025-08-28,0.02657580941701185,0.026406655964425606,0.02631537474047489,0.026861158717604264,0.029937403020650108,0.034951943291633016,0.03855067779999987,0.039473563519761085
2025-08-29,0.026481100303569306,0.026287808607987722,0.026184111759791177,0.026748470180395174,0.02977595782511997,0.03467820562432579,0.03817245244475116,0.03913298332365175
2025-09-02,0.02606807056694225,0.025877768567820255,0.025771092654272076,0.026215376269089947,0.029192050008316834,0.03420047850031387,0.03784093833563853,0.0388383631156016
2025-09-03,0.026165356718177393,0.025967196082883053,0.025888524818841737,0.02644419898582941,0.029586327939618014,0.03487606367181835,0.03848534362655577,0.039611670693620406
2025-09-04,0.02603454576455289,0.025783322138398547,0.0256506726114151,0.026116238333883487,0.029170227880985725,0.034351802100699276,0.03801185968910793,0.039161920522540125
2025-09-05,0.025732061197307782,0.025482481915927585,0.025373679993483594,0.025821152648529064,0.028621328409226557,0.03370241618680543,0.03738834013874287,0.03863797051680302
2025-09-08,0.025217253266919586,0.02489732615962316,0.024736768254113025,0.02525642616957366,0.027988688562440883,0.033122220196163454,0.036726153393753444,0.038111718797968284
2025-09-09,0.024965467080274723,0.02465022422730083,0.024472751405611816,0.024786778608648488,0.02740632532387807,0.03237840440460478,0.035904108258873954,0.037213356626063385
2025-09-10,0.024901598970552184,0.024658500964178064,0.024564164890167904,0.02500674757134683,0.027599631994600294,0.03257933116162195,0.03608866052473167,0.03734410622534618
2025-09-11,0.02480660488892884,0.02459021769281083,0.024512420986227676,0.02492889837565196,0.02738041421651343,0.0321737499994755,0.035707868488825,0.036934746928492634
2025-09-12,0.02471651027305485,0.02454025943458522,0.024492006933820164,0.024911836004134727,0.02727586135131115,0.03198039908198863,0.035445263880687694,0.03668387040657424
2025-09-15,0.02478519313653787,0.02461631109137505,0.024574892057645046,0.02503822829048005,0.027453323414476906,0.032313683720993025,0.03556660520358833,0.03681423688417164
2025-09-16,0.02446554458149854,0.02429403053826509,0.02426462137010195,0.024721576275629806,0.027099022532241265,0.03200536042403404,0.035364321078848654,0.03657999204526553
2025-09-17,0.024254160283988253,0.024085107632559628,0.024055292327949035,0.02452550750869412,0.027011102491308732,0.03193990931345762,0.035310847325156054,0.03653361661641742
2025-09-18,0.0243473814060137,0.02421490088588808,0.02425463391732015,0.024922301214426908,0.02745921489243553,0.03228423790544854,0.03552610880728839,0.036736219259537
2025-09-19,0.024187236651110344,0.024091974781960672,0.024140109630731384,0.024747849796674402,0.027364382685455588,0.03233736443339206,0.03572403433385923,0.036907440326430806
2025-09-24,0.024231772420667114,0.02413637317717759,0.024159995776688824,0.024670130218893718,0.02745720789868547,0.03249031256124192,0.03599816987286317,0.03713599526477229
2025-09-25,0.02408139852066387,0.023959652833149436,0.024001578005237532,0.024549765918962824,0.027349570549274612,0.03252633280350615,0.03632610059545101,0.03746716036225325
2025-09-26,0.024112232158437052,0.02402151092760542,0.02412894056041572,0.024824514298907804,0.027615279188580567,0.03263890176128876,0.03625416486664662,0.03735267832904844
2025-09-29,0.02421296993168145,0.024142829975855894,0.02429102545710003,0.025091909221725564,0.02790748277395429,0.032837616736105274,0.03634648525263542,0.03740561403759161
2025-10-01,0.024035680664523752,0.023937539042145142,0.024013912668353454,0.024587559634505398,0.02729429173628808,0.03214568428107732,0.03573413619239854,0.03677810639986872
2025-10-02,0.023919637021855317,0.023752555703832133,0.023858970255214735,0.024548020586635154,0.027329594263529315,0.03239809124557767,0.03629802064130416,0.03739164675626493
2025-10-03,0.02388549698040746,0.02373255833245523,0.023847980035114846,0.024488814905815323,0.02724685664972292,0.03228687447177151,0.036267948632772315,0.03733258762934425
2025-10-06,0.023833804703556356,0.0236630272318751,0.023763540673986006,0.024422712980671585,0.02730930842747657,0.03236198659338269,0.03634727533510254,0.03740714371357557
2025-10-07,0.023833032065750805,0.023698965697137555,0.02385930040429488,0.02458992160141761,0.02755712629406213,0.03263362005824235,0.03679191828978539,0.03783367672158991
2025-10-08,0.02370674662059589,0.023569325608558157,0.02372120480476037,0.024385015620413956,0.027257386211646764,0.0323075578910549,0.03663964576979575,0.03772812740935329
2025-10-09,0.023708894826757053,0.023632021635745473,0.023830485656077857,0.024576639854422218,0.027447057795803833,0.03241607483876627,0.03691581047602725,0.03799335823811161
2025-10-10,0.023748865496284688,0.023671436934708995,0.023904711858973655,0.02473934157726345,0.02764894686433606,0.03257220514699415,0.03696202251832179,0.037955399053781695
2025-10-14,0.023954894063400296,0.023950163396053714,0.024110993618853417,0.024749055265381934,0.027582452359661218,0.03238070075145705,0.03661757097220065,0.03755035295875698
2025-10-15,0.023730327573077515,0.023690901842782316,0.02367733133397922,0.02429318610365102,0.027154322797187106,0.031925357386139046,0.03607894882257277,0.03702141472420756
2025-10-16,0.02362143052549439,0.02350697119644334,0.023429102434172195,0.02406547058827011,0.026910812394510424,0.03168086172650771,0.03588856632710669,0.03683260398868092
2025-10-17,0.023474591988893234,0.023312793908501123,0.02318522550026345,0.02366519107641208,0.02644430337299409,0.03124637266438199,0.035557006437291296,0.036528963000783135
2025-10-20,0.02324625360225484,0.0232286326642351,0.023219544194664824,0.023526172115348704,0.026419414833252976,0.03126781638829486,0.03544099985723612,0.036454570633916335
2025-10-21,0.02317320039625555,0.02306305383845559,0.022998051915912015,0.02350296287788536,0.0262645107196384,0.031084987327372193,0.0352727990216124,0.03629558493111029
2025-10-22,0.02321511870228398,0.023150515760488505,0.023141304137726467,0.023749550814726794,0.02648615097795063,0.031210734207916827,0.03517762335394552,0.03622978475658773
2025-10-23,0.022935356718177393,0.022991896082883052,0.023091124818841742,0.02375159898582941,0.02645842793961801,0.031160663671818342,0.035241043626555765,0.03625987069362041
2025-10-24,0.022650914694908708,0.02272277445442141,0.022856506636272728,0.023686121813529908,0.026558394233662897,0.03131370051398352,0.0353700536599758,0.036412523216184406
2025-10-27,0.022545345914515656,0.022536138182074752,0.02263646823972522,0.02367189888467815,0.026600448362760955,0.031346734886737886,0.03543701299886815,0.0364756691435711
2025-10-28,0.02240266354987358,0.022439187094883788,0.022572068580436075,0.023458694929969492,0.026291536079448993,0.030990089383019705,0.034945944404235915,0.03598506529715247
2025-10-29,0.02244128322432885,0.022489231077985894,0.022641152355805345,0.02354443032004497,0.026374787475542526,0.03101044134632238,0.03483360050055079,0.03581939681482159
2025-10-30,0.022604374538907793,0.022729435456627825,0.022986005471794267,0.02425838042610112,0.027392421445342912,0.031975781574192966,0.035544668185646,0.03651277006211884
2025-10-31,0.02250081612061208,0.022617627328698944,0.022877893662016837,0.02411733712006845,0.02720617295870102,0.03179335667973377,0.035397392156856534,0.036354301921948516
2025-11-03,0.022536243368253474,0.022642924167544713,0.02287624244794714,0.02402041003420552,0.027169855650772984,0.031839287978609035,0.03547582164574141,0.036468840902817976
2025-11-04,0.02250123061818063,0.022591916426911215,0.022843842590293033,0.024062163285760305,0.027262365289028867,0.03200914342955411,0.03564651290396792,0.03673560559613946
2025-11-05,0.022417520984030347,0.02258237210492565,0.022880023356815847,0.024105243407795796,0.027359888033649776,0.03206694616402268,0.03566764793151407,0.03677717034916501
2025-11-06,0.022335094826757055,0.022507321635745467,0.022829585656077858,0.02411653985442222,0.027425357795803833,0.03220397483876626,0.035688310476027246,0.03681565823811161
2025-11-07,0.022277017603591968,0.022416151016184816,0.022693936159950228,0.023767020279911465,0.026892219270995926,0.03166906392847622,0.03520223738663625,0.03633872764128507
2025-11-10,0.02227738112795497,0.022501565194484482,0.02288501344895764,0.024314523121956345,0.027531756208880234,0.03230179279630933,0.0356372690767047,0.036786214437161395
2025-11-12,0.02241300932432561,0.022655010733957738,0.023049534584354055,0.024437666020114074,0.02765775012613168,0.03236176158858661,0.03571053122313863,0.03684476191230254
2025-11-13,0.022433223636521678,0.02266960937123427,0.023053503200388573,0.024379006790825556,0.027474436667422653,0.03201608493231416,0.035307958816527554,0.036478762371576406
2025-11-14,0.02243971686210202,0.022707089172441876,0.023143414910983533,0.024592478699989952,0.027747296114848472,0.032372510304104984,0.03566926477174639,0.036837114781616796
2025-11-17,0.022607639246325154,0.022848841235060948,0.023288534002114825,0.024858345326399682,0.02818786373197168,0.032911952118691336,0.03610513848597373,0.03722738533526976
2025-11-18,0.02250569679503497,0.022808867871519485,0.02328329972287317,0.024821529510834946,0.02817195086068605,0.03291791106567871,0.03622305547904986,0.037352384414427175
2025-11-19,0.022425571215745954,0.022774385181095327,0.023256673747117942,0.02478062515152127,0.028284620269945857,0.033102650421638694,0.03649086437366715,0.03762687436781134
2025-11-20,0.02236144422429647,0.022727527637704335,0.023237074641292408,0.02481228732073599,0.028355913981434028,0.03310044376896464,0.03653100772642924,0.03765114778963114
2025-11-21,0.022278770845000975,0.022619304259223854,0.023080713122634593,0.024560254361560514,0.028106508691872128,0.03281982360945308,0.036242978066222224,0.0373442679379772
2025-11-24,0.022263076114573937,0.02255930437458156,0.022970888125848507,0.024373156283434328,0.027943120652156254,0.032620370525981816,0.03616225999228694,0.03729559738891392
2025-11-25,0.022251792116989192,0.022476413556228515,0.022779550340315834,0.024233408618087975,0.027747741574774158,0.0323882849874826,0.035908792858114776,0.03703191920212776
2025-11-26,0.022225156475528383,0.02241193480873898,0.022669889034410782,0.023966545737544552,0.02744545456332435,0.032109749182733335,0.035638543739934324,0.03675432046513089
2025-11-27,0.02228360904626688,0.022488375042554132,0.02275021411599154,0.023975687927643506,0.027347491442576383,0.0319678164794474,0.03537649149255493,0.03654055708992694
2025-11-28,0.022270574018200057,0.022476538491080146,0.022738249219000795,0.023925349085345698,0.02720858938549396,0.03188482197596876,0.035195828568440855,0.03643051501125373
2025-12-01,0.022455029334116135,0.022653561221671784,0.022927294300275125,0.024186147355964603,0.027469927793037304,0.03213070974402069,0.035362833782936184,0.036588745265919716
2025-12-02,0.02234919226695196,0.02260752959990472,0.02300304596862596,0.024686369168882644,0.028224462056549382,0.03303021777352119,0.036231846167875,0.03751296782315873
2025-12-03,0.02228164908771474,0.022603872413931046,0.023014204336091422,0.024608993608463338,0.028250229056382782,0.03309743325325356,0.03642196350108677,0.03767211621684763
2025-12-04,0.022160730468217864,0.022492700383235004,0.02288544696198291,0.02434210273496564,0.027989944807253638,0.03290821064351552,0.0365062595942077,0.037748056975108475
2025-12-05,0.022261664176810473,0.02259750731221004,0.023039478885024195,0.024725200803282037,0.02846802406108286,0.033315840841406534,0.037019603553327805,0.03823558412967586
2025-12-08,0.022706378674379028,0.02328639641042231,0.024039527813300397,0.0265093269689739,0.0304022163914107,0.03488572759122688,0.03814812430043919,0.0392931878038668
2025-12-09,0.022743732379219252,0.023332575805800684,0.024067505556588945,0.026441724538073887,0.030328670284879067,0.034849995787435764,0.037876997864331324,0.0390673361378516
2025-12-10,0.022711728129194975,0.023336673225589515,0.024174372270704236,0.026879242288592155,0.030815940164297694,0.03517484760441746,0.03814242828374017,0.039358324368958766
2025-12-11,0.022636863863342026,0.023189997203546912,0.02391207373273014,0.026343197866625766,0.03030188007026592,0.03484546511221312,0.03788002397878186,0.03906782471341416
2025-12-12,0.022543459335259013,0.02306165893193215,0.023783519978482923,0.026229037524673458,0.030157491266129252,0.03480537182005561,0.037838514667607,0.039048608122145716
2025-12-15,0.022592543368253476,0.023130024167544717,0.02386134244794714,0.026289610034205522,0.03032795565077299,0.035155787978609035,0.03828982164574141,0.03950574090281798
2025-12-16,0.022375800824277047,0.022937605573535396,0.02364116801258465,0.025872501521150598,0.029892989884968926,0.03474856522255,0.037956292061956304,0.039159338374516864
2025-12-17,0.022315003441358665,0.02293736842258449,0.02364756317222583,0.025795240059994652,0.029720053211480163,0.03460287337078726,0.03781036310300753,0.038973275803042176
2025-12-18,0.02229741732553324,0.022955215324781217,0.02373281569158772,0.0260422421874409,0.03000086058744063,0.034920418819336996,0.038206597656052554,0.039354322818909465
2025-12-19,0.022212197408428953,0.02286881006753503,0.023636496131787484,0.025885653549080553,0.02979683581505343,0.03465165236694932,0.038094041673116225,0.039246741072750835
2025-12-22,0.022298612312152206,0.022984454504878297,0.023818090368478585,0.026233675348918885,0.030175225030716648,0.03501729654900949,0.038413188571634796,0.039559505770661994
2025-12-23,0.022291569710899253,0.02298096509766064,0.023782060460926808,0.026077798982559477,0.030036391677655795,0.03492462270995826,0.03831745225495071,0.03944275622878844
2025-12-24,0.022187854899862244,0.02287016589078524,0.023609006380356547,0.025712969880211343,0.02957905535651101,0.034405560230944494,0.03778665193329337,0.03890469313833581
2025-12-29,0.02235490622194597,0.023038525336620503,0.023783567855850948,0.02589322098470031,0.02965844004703312,0.03437672446217935,0.037708660408844505,0.038827624026798215
2025-12-30,0.022313199504802837,0.022963875951036446,0.02365493503863519,0.02568226074716919,0.029460567081715728,0.03417110091696238,0.03763637309696232,0.03875922345041103
2025-12-31,0.022397403662140873,0.02305133330077975,0.023775528168399056,0.025954050299160737,0.029781944307778675,0.03447396739693428,0.03791109610069225,0.03905253361184534
2026-01-02,0.022359482297466413,0.023009778773307225,0.023725250794596975,0.025890703345143085,0.029874258530358206,0.03447982431585836,0.03803373473193847,0.039169680740236246
2026-01-05,0.02250625417191521,0.023150682068353017,0.023922099027063663,0.026286810135356775,0.030321535227630054,0.0350503167636895,0.03874765227342903,0.03989214245286728
2026-01-06,0.02249599969017532,0.02312626641197218,0.023801215350876863,0.025768246142149565,0.029723672870752584,0.034485964323055174,0.03834796625068478,0.0395117266653281
2026-01-07,0.02253252462066064,0.023176532489121285,0.023887660233786242,0.025966501619031922,0.029892533199863763,0.034611453045770374,0.03844273131803885,0.0396338254597342
2026-01-08,0.022508845764552893,0.023128322138398546,0.023777372611415094,0.02568533833388349,0.029545527880985734,0.03415840210069929,0.03794025968910793,0.039128020522540136
2026-01-09,0.022457922431600514,0.023088721375151996,0.023756981170817697,0.025753101723453103,0.029643149038683043,0.03428032279271092,0.037941853317331534,0.03918244147461546
2026-01-12,0.02249957793288908,0.023127434566679376,0.023775306564333697,0.02571968538905239,0.029591293235263244,0.03415677396685566,0.03777175168554933,0.038978974944198524
2026-01-13,0.022520804090162373,0.02315098503585956,0.023807344265071695,0.025776688942425973,0.029638723473109186,0.03422354529211208,0.037880289141036166,0.03913148705525192
2026-01-14,0.022505190241397514,0.023140812550922363,0.023783676429641354,0.02571851165916543,0.029643901404410374,0.03435363046361656,0.0380522944319534,0.03933119463327073
2026-01-15,0.022521594826757054,0.023084621635745473,0.023651585656077855,0.025461739854422214,0.029292357795803834,0.033885574838766266,0.03759251047602724,0.03887025823811161
2026-01-16,0.02242740162304352,0.02300453823048667,0.023578944733740635,0.025341510954376586,0.029169580628373167,0.03370406992991342,0.037350471409745144,0.038528298247757574
2026-01-19,0.022555104496317063,0.023116540374990554,0.023707589573486593,0.025711484576572435,0.029543620358444555,0.034086602724351905,0.03754411529244334,0.03874084807897214
2026-01-20,0.022462716769415775,0.022993343941974012,0.023559174754862695,0.025524986002499767,0.02944344322033004,0.03414682860105859,0.037668818194885156,0.03895761317415826
2026-01-21,0.02251297242066711,0.02300037317717759,0.023561995776688827,0.02572073021889372,0.029782007898685472,0.03459601256124192,0.03815126987286317,0.03941409526477229
2026-01-22,0.022523260725552663,0.023062037388950154,0.023634622320295482,0.02560892798702629,0.029515484683905732,0.034160597365751645,0.03769931332052548,0.03892803223402373
2026-01-23,0.022444861674281908,0.022947986089577634,0.023528594669761593,0.025685697971046948,0.0296573959090852,0.03427483485915366,0.03772394597807454,0.03890474072829543
2026-01-26,0.022515925732895552,0.02302497525473569,0.023621542107236288,0.025858313988914184,0.02986896793408495,0.03450943348232721,0.03792369024037365,0.03910134474923661
2026-01-27,0.022443013816998904,0.022891474588312984,0.023408103654669714,0.02543610151788067,0.0294240536230067,0.034032724260689914,0.037470500690351245,0.0386798239096849
2026-01-28,0.022446792951165383,0.022895920630439315,0.02344841174540337,0.02564504289549967,0.029739117625440042,0.03451632031490022,0.03801501204986587,0.03923083366925457
2026-01-29,0.022418161987750353,0.02286359619824076,0.023314099822055654,0.02568040090770322,0.029814939899902134,0.03462891058834707,0.03814112555262048,0.03932860014455713
2026-01-30,0.022363577063303174,0.02278715307520904,0.023220760475314614,0.02545322626745498,0.02963543187733572,0.03449260801938383,0.038079692649835996,0.03930880588318562
2026-02-02,0.022450032008474282,0.022855294883929213,0.023273144932105597,0.02545225374811314,0.02966785870680534,0.03465366897525016,0.0382920115568864,0.039495029708017465
2026-02-03,0.02239353748528653,0.02282278185617147,0.023281271035818916,0.025525884074086097,0.029732858736121477,0.03468959976080969,0.038249053525610324,0.03950265479355761
2026-02-04,0.02240884361090249,0.022835685441688795,0.023300978232378103,0.02561436328249038,0.029854829027066647,0.034796202467694035,0.038293721532362865,0.03955699113130749
2026-02-05,0.022435597258466188,0.022849094023858825,0.02330570050347736,0.02561589299828589,0.02980001533327821,0.03475201958091072,0.03827028836335601,0.03952199245171985
2026-02-06,0.022347010829172308,0.022753330817392423,0.02319844787054519,0.025341392189075863,0.02947657871842174,0.034413489300267046,0.03802934334185508,0.03930798005132545
2026-02-09,0.022345246506042835,0.022760583982141487,0.023221293860381794,0.025421479913804994,0.029547251037133175,0.0344546557250705,0.037994132303997785,0.03925933338220841
2026-02-10,0.022362981498699943,0.022780346116355946,0.023236974073440986,0.025282393911917098,0.029419667786953964,0.03434431960849494,0.03794845538414962,0.03919982086699553
2026-02-11,0.0223494211121263,0.022738391752653048,0.023177648196868232,0.025242460949471694,0.02926742623542985,0.034023058487123295,0.037614134352337555,0.03884802655050964
2026-02-12,0.022280264384049772,0.022656594169094595,0.023085029985523614,0.025116829207381192,0.029058712130114878,0.03377562471043733,0.037410563595987004,0.038613679764279284
2026-02-13,0.022213130432808145,0.022521125965975476,0.022880262278051358,0.02474147789077993,0.028535459499992,0.03318428002346131,0.03691131975024546,0.038135102381222384
2026-02-17,0.022252296830444687,0.022546242288779016,0.022900384406804725,0.024715654355020655,0.02833233616794769,0.03297254168573291,0.036782795323012096,0.03801383900831328
2026-02-18,0.022245061431632893,0.022447624815433557,0.02273285888533063,0.024462244722762087,0.02806862253279155,0.03269212037006866,0.03663184609145309,0.03787279049980592
2026-02-20,0.022166007135265488,0.022392399619988453,0.02268655552138551,0.024346666124535253,0.028017665964950953,0.03266803133552715,0.03662075322243131,0.03783817792718381
2026-02-23,0.0222437732548433,0.022494980251388397,0.02281955718177636,0.024443164496305417,0.02794878394935135,0.03264234788865955,0.03659618906461426,0.037811509731899104
2026-02-24,0.02227045198285509,0.022527670954383742,0.022847519964095116,0.024306410239777955,0.027645351066449324,0.03227668651063004,0.036345374272721706,0.03762055846774854
2026-02-25,0.022282240843858103,0.022560806548963495,0.022912287444426797,0.02440456419285166,0.027712445218780177,0.03229386153341817,0.03631899718155141,0.0376110050817512
2026-02-26,0.022292678082851847,0.02255835061035558,0.022829302192643817,0.02454694593984706,0.02779561371703847,0.032390606752894256,0.036398904995309546,0.03769582356522949
2026-02-27,0.02231397331211983,0.022551051064596737,0.022795812653965648,0.024268232349609897,0.02747065153660815,0.03208449897165174,0.03611209579751325,0.03739475674547155
2026-03-02,0.022306202492629428,0.022483019721957005,0.022668790822759723,0.023955970075973994,0.027118841986300695,0.03178603587738525,0.03582973044545848,0.03710856730877048
2026-03-03,0.02252453429022064,0.022820751228366368,0.023147264151194977,0.02490584634118214,0.02806169576250449,0.03270778093135602,0.036544736134454955,0.037824615300594736
2026-03-04,0.022573785991373236,0.023008209970711183,0.02345264314375665,0.025035829409683692,0.028265071283828994,0.032838082280598244,0.036682924851362236,0.037967882864377876
2026-03-05,0.022631492765792897,0.023015830169503586,0.0234258314331617,0.025168857500519295,0.028459211836403178,0.033054756908807416,0.03684081889614341,0.038134730454337504
2026-03-06,0.0227182022145707,0.023219984030553406,0.023757770354397207,0.02580809198350343,0.0292991833027454,0.03381089076824604,0.03734359071487478,0.03865416248639488
2026-03-09,0.022896714501212324,0.02339146561884758,0.023954869431447125,0.0264011752444977,0.029953109191897368,0.03455312680206894,0.03809136657234212,0.03940938975578073
2026-03-10,0.023030393008441903,0.02364299144364765,0.02426986721759266,0.02618741074880415,0.029496885212696836,0.03399537139789241,0.03751051878276485,0.038812480682827014
2026-03-11,0.022823007726792667,0.02342134542005519,0.02409318114204208,0.0264947471536621,0.02989856863932318,0.034389852173859786,0.03790027252756095,0.03926764216582111
2026-03-12,0.022901014280430124,0.023560800740652314,0.024345904435273902,0.027214865005331615,0.030654618095598864,0.03524353277592193,0.0386986335746574,0.040057531946977566
2026-03-13,0.02305172803650873,0.023760527995121645,0.0246797321145834,0.02809044959110196,0.03122648726977926,0.03563856590137106,0.03892728170687894,0.04027442276150023
2026-03-16,0.022922759741413702,0.023702314271063143,0.024660065286897823,0.027931433158819928,0.03107888815146462,0.03554382925229542,0.03883474081901418,0.040093869145865955
2026-03-17,0.022775448010889536,0.023525604065576165,0.02438890714657293,0.02701040608276678,0.03021747962942324,0.034771783436750935,0.03820594442271424,0.03948935152123131
2026-03-18,0.022726818402358444,0.02346148367313609,0.02427881288110622,0.026637629713137455,0.029852010014400177,0.03433756863583963,0.03795911673442509,0.03928408751452579
2026-03-19,0.02293410117315521,0.023710290099458055,0.02465395784881026,0.02751752930199258,0.030585119183047495,0.03495447157179763,0.03838301148046449,0.03965015238466465
2026-03-20,0.02337951164148169,0.024422641495654415,0.025570538487374984,0.02843128345736879,0.03083637248909247,0.034897704164746676,0.03804589564466943,0.0392308020987659
2026-03-23,0.023930830132882608,0.02512339387862306,0.026630071021431112,0.03055475678919059,0.03218481853644155,0.03598441445138411,0.03890481313072502,0.040077305139160434
2026-03-24,0.024104225675619033,0.025208204441527347,0.026466386635047,0.029560446135609708,0.03174450034682816,0.03576978239933501,0.03870558350747466,0.03989219773566417
2026-03-25,0.024206052817031278,0.025599178028594544,0.026992381369182653,0.029928544517189654,0.032243927117115205,0.036244521838047654,0.039186393464472793,0.04031847293487535
2026-03-26,0.024020650385322147,0.025258205640481184,0.026493866521783146,0.02893349137332598,0.031144969579640837,0.0351477770959032,0.038271215577144024,0.03947703872126711
2026-03-27,0.024163169618213003,0.02549641986719277,0.026831920304805967,0.029770306285069287,0.03206843878313735,0.03595584100691186,0.03856760567808947,0.03975045462132991
2026-03-30,0.02414814210605579,0.0255014653582541,0.026851964946186968,0.029634537113528592,0.03207920043477658,0.036204674756013605,0.03883190941364641,0.03998757299228459
2026-03-31,0.02388051634139428,0.02506639220689421,0.02625275865819006,0.028891847359234536,0.03131396405499952,0.035431750705880775,0.03838392515454124,0.03958675973075168
2026-04-01,0.02367981196327404,0.024725369978955636,0.025768300532252972,0.028121547568076895,0.030732795732638072,0.03494759019976187,0.03823756915312661,0.03939949176051421
2026-04-02,0.023551241421842367,0.024544074327719514,0.025556899169409557,0.02823976338691156,0.031041544865885923,0.035406672214634574,0.038697143531655535,0.039979107146188755
2026-04-06,0.02365438433656377,0.024701773843600297,0.025758334229255393,0.028340642689927236,0.031053922209763708,0.035419321782879216,0.03869485942288557,0.039959416104324
2026-04-07,0.023739001936511964,0.024756548339149802,0.025789549886034695,0.02831811389103286,0.030904724619190103,0.03505424565910683,0.03822095098429108,0.03947105766401928
2026-04-09,0.023734021711977384,0.024848855927357878,0.025960730710108734,0.028449203152650367,0.030999208162530746,0.035112889631277684,0.03832164759137842,0.03964962103463354
2026-04-10,0.02351113520354017,0.024378725511734322,0.025312551816729537,0.02795069148101709,0.030632321680422323,0.034946087804703825,0.038300528948041763,0.03960086920098034
2026-04-13,0.023472736073126076,0.024382507003204653,0.025348797905748618,0.0279663506026145,0.030835483038349855,0.035164953752175654,0.0385188879837551,0.039846138261993236
2026-04-14,0.023569144873100176,0.024530444250979406,0.025519555734138274,0.02798803620316731,0.030728984243063046,0.03505291569028947,0.03839723376445786,0.03975535904184088
2026-04-15,0.023516741827997054,0.024396929666850503,0.025317944477824456,0.027715359021058025,0.030402441751221285,0.03472052964687439,0.03805156968306271,0.039387968169908985
2026-04-16,0.023582660447493933,0.024442601697546546,0.02537810185193297,0.02796814989455572,0.03080842600035043,0.03512195225661244,0.03831527358994179,0.03969262741164813
2026-04-17,0.02354093366328375,0.024423731011040114,0.02538325384660685,0.027987540467869595,0.030906107780870624,0.03533562947296919,0.03853037698536307,0.03992099646807135
2026-04-20,0.023555113053642145,0.02430131634862123,0.02512521161744528,0.02752471692884039,0.030498148186864103,0.03494575017338071,0.03821516118652465,0.039616618630330266
2026-04-21,0.023504244167019947,0.024190956824495995,0.024990419169103127,0.02740581946743151,0.030378246394177234,0.03485599268597245,0.03809050099353026,0.0394934007760587
2026-04-22,0.02360138691823567,0.024424662275389857,0.02540464470496502,0.02815295638458558,0.03103120022901331,0.03543249931106228,0.03845139061997456,0.03979689893896323
2026-04-23,0.02357371732553324,0.02441221532478122,0.02525651569158772,0.0280115421874409,0.03092846058744063,0.03523961881933701,0.03840089765605255,0.039709522818909465
2026-04-24,0.023604299226744105,0.024456540259632842,0.025321514570272683,0.02815788265469862,0.03105090839816043,0.03524705580782316,0.038317133366378625,0.039610318628035435
2026-04-27,0.023677723949990126,0.024557219479897405,0.02544680835268264,0.028005409727481834,0.030800980658239593,0.03506806066150757,0.0381280383910735,0.039471321787838104
2026-04-28,0.02372951769627821,0.024582596246652676,0.025461576316071065,0.028098312977401653,0.031089272165514357,0.03542354563152261,0.038482483963497474,0.039788729248743604
2026-04-29,0.02383082012798735,0.024715668634766038,0.02564399116347058,0.028518266121265328,0.03133172970298874,0.035527090373667074,0.03842876185082624,0.03971996346235185
